user_id,course_id,rating
91,0,5
60,0,5
43,0,4
55,0,3
88.0,0.0,3.5
5,0,5
16.0,0.0,0.5
83,0,2
33,0,1
67,0,3
85,0,1
69,0,0
49.0,0.0,3.5
27,0,2
8,0,4
22,0,5
35.0,1.0,3.5
3,1,1
96.0,1.0,2.5
98,1,0
86,1,0
66,1,0
0.0,1.0,2.5
89.0,1.0,2.5
30,1,5
16.0,1.0,3.5
43,1,4
7.0,1.0,3.5
36,1,5
52,2,5
3.0,2.0,3.5
83.0,2.0,1.5
65,2,3
97,2,5
82,2,4
75,2,2
34,2,1
47.0,2.0,4.5
42,2,0
14,2,4
56,2,5
54.0,2.0,1.5
37.0,2.0,1.5
89.0,2.0,1.5
68.0,2.0,3.5
0.0,2.0,0.5
62,2,3
59.0,2.0,0.5
76.0,2.0,0.5
84,2,0
51,2,1
91.0,2.0,0.5
6,2,2
55.0,2.0,2.5
8,2,1
19.0,2.0,3.5
63.0,2.0,3.5
26,2,1
70.0,2.0,0.5
78,2,3
22.0,2.0,2.5
31.0,2.0,0.5
87,2,1
10.0,3.0,2.5
88.0,3.0,4.5
93.0,3.0,3.5
15,3,1
95,3,1
54.0,3.0,2.5
78.0,3.0,0.5
13,3,0
40.0,3.0,4.5
25.0,3.0,0.5
0,3,2
81,3,3
36.0,3.0,0.5
67,3,5
16.0,3.0,1.5
80.0,3.0,1.5
9,3,1
90,3,3
70.0,3.0,3.5
76,3,3
7.0,3.0,1.5
86,3,0
42,3,5
38.0,3.0,4.5
99.0,3.0,1.5
52,3,4
43.0,3.0,1.5
47,3,3
66.0,3.0,4.5
32.0,3.0,3.5
85,3,3
39.0,3.0,1.5
71,3,5
62.0,3.0,2.5
17.0,3.0,2.5
3,3,3
94.0,3.0,3.5
6,3,5
89,3,1
97,3,1
26.0,3.0,4.5
74,3,0
8,3,1
2.0,3.0,4.5
45.0,3.0,1.5
23,3,2
55,3,3
73,3,3
46.0,3.0,2.5
27,3,3
72.0,3.0,0.5
69.0,3.0,2.5
53,3,0
48,3,3
41.0,3.0,4.5
60.0,3.0,0.5
63.0,3.0,3.5
64,3,3
58.0,3.0,3.5
44,3,1
65,3,2
33,3,2
68,3,5
50,3,3
83.0,3.0,2.5
20,3,1
31,3,2
59,3,3
35,3,5
98,3,3
12.0,3.0,2.5
61,3,2
18.0,3.0,1.5
87.0,3.0,0.5
24.0,3.0,2.5
64,4,5
94,4,0
58.0,4.0,4.5
21.0,4.0,0.5
51,4,2
49.0,4.0,0.5
22.0,4.0,2.5
62,4,3
19,4,2
85.0,4.0,4.5
65.0,4.0,1.5
36,4,3
96.0,4.0,4.5
13.0,4.0,4.5
80,4,5
11,4,4
30,4,1
73.0,4.0,3.5
89,4,0
88.0,4.0,1.5
32.0,4.0,0.5
28.0,4.0,3.5
40,4,5
60,4,1
26,4,2
71.0,4.0,0.5
38,4,5
37.0,4.0,4.5
90,4,1
86,4,3
81,4,0
14.0,4.0,2.5
4,4,0
78,4,2
59,4,5
69,4,1
61,4,0
15.0,4.0,2.5
46.0,4.0,2.5
66,4,2
0,4,5
18.0,4.0,1.5
39.0,4.0,0.5
82.0,4.0,1.5
83,4,2
48.0,4.0,1.5
79.0,4.0,2.5
7.0,4.0,3.5
5.0,4.0,1.5
99,4,1
84,4,3
75,5,5
6.0,5.0,4.5
0.0,5.0,4.5
67,5,5
22,5,3
96.0,5.0,3.5
78.0,5.0,2.5
21,5,3
83,5,4
79.0,5.0,3.5
36.0,5.0,4.5
27.0,5.0,2.5
85,5,4
91.0,5.0,1.5
15,5,0
70.0,5.0,4.5
76.0,5.0,4.5
89.0,5.0,1.5
33.0,5.0,2.5
90.0,5.0,3.5
31.0,5.0,1.5
48,5,1
5,5,5
38,5,5
53,5,3
92,5,0
50.0,5.0,4.5
68.0,5.0,2.5
82,5,0
97,5,3
88,5,2
24,5,4
37.0,5.0,4.5
61.0,5.0,1.5
98.0,5.0,4.5
62,5,3
80.0,5.0,1.5
45.0,5.0,1.5
94,5,3
84.0,5.0,1.5
54.0,5.0,2.5
52.0,5.0,2.5
49.0,5.0,4.5
32,5,0
20,5,1
64.0,5.0,4.5
43,5,0
13.0,5.0,3.5
95,5,4
47.0,5.0,1.5
10,5,2
16,5,1
56,5,3
55.0,5.0,4.5
11,5,5
23.0,5.0,0.5
63,5,1
65,5,0
26,5,5
59.0,5.0,3.5
8,5,2
40.0,5.0,0.5
86,5,2
12.0,5.0,0.5
72,5,5
58,5,4
19.0,5.0,2.5
18.0,5.0,3.5
57.0,5.0,0.5
44,5,2
17,5,1
41.0,5.0,4.5
42.0,5.0,2.5
63,6,1
32,6,3
79,6,5
54.0,6.0,4.5
71,6,0
55,6,5
61,6,4
41.0,6.0,4.5
75,6,4
1,7,3
0,7,4
6,7,1
14.0,7.0,4.5
38.0,7.0,0.5
90,7,5
35.0,7.0,0.5
75.0,7.0,4.5
4,7,0
73.0,7.0,1.5
80,7,2
49,7,4
15.0,7.0,3.5
28,7,3
41.0,7.0,2.5
99,7,1
21,7,2
3.0,7.0,3.5
97,7,3
29,7,3
34,7,2
55,7,1
7.0,7.0,2.5
74,7,5
32.0,7.0,2.5
83.0,7.0,3.5
36,7,3
86,8,4
41,8,0
61,8,5
2.0,8.0,1.5
83.0,8.0,0.5
32.0,8.0,3.5
87,8,1
67,8,5
94.0,8.0,1.5
63.0,8.0,4.5
30,8,4
26,8,4
28,8,2
43.0,8.0,2.5
15.0,8.0,3.5
1,8,0
48.0,8.0,1.5
91,8,2
53.0,8.0,0.5
4.0,8.0,2.5
93.0,8.0,1.5
18,8,0
80,8,1
56,8,0
99.0,8.0,2.5
25,8,4
37.0,8.0,2.5
79,8,5
97,8,5
57.0,8.0,4.5
40,8,2
45.0,8.0,1.5
3.0,8.0,4.5
54.0,8.0,2.5
96,8,0
27.0,8.0,2.5
70,8,1
76,8,1
22.0,8.0,3.5
58,8,3
77,8,1
64.0,8.0,2.5
12,8,1
19.0,8.0,0.5
89.0,8.0,1.5
78.0,8.0,4.5
84,8,3
31.0,8.0,2.5
42,8,2
20.0,8.0,2.5
24,8,3
36.0,8.0,3.5
85,8,5
38.0,8.0,3.5
72,8,5
34.0,8.0,0.5
52.0,8.0,0.5
88.0,8.0,2.5
47,8,2
39,9,2
4.0,9.0,0.5
79,9,1
45.0,9.0,3.5
58,9,3
41,9,5
50,9,3
12,9,2
54,9,2
40,9,5
44,9,3
53,9,0
68,9,1
0,9,1
66.0,9.0,4.5
76,9,4
95,9,5
74.0,9.0,0.5
71,9,3
96,9,3
6.0,9.0,1.5
7.0,9.0,2.5
84.0,9.0,1.5
72,9,2
46.0,9.0,4.5
47,9,3
83,9,5
16,9,1
22.0,9.0,0.5
42,9,3
15,9,4
31.0,9.0,0.5
82.0,9.0,1.5
21,9,0
67,9,5
36,9,4
90.0,9.0,2.5
89,9,4
20.0,9.0,4.5
52.0,9.0,2.5
26,9,5
25,9,2
81,9,1
98.0,9.0,4.5
85.0,9.0,0.5
99,9,2
5,9,2
61.0,9.0,4.5
34.0,9.0,2.5
2,9,2
94.0,9.0,2.5
75,9,4
57,9,0
56,9,5
24,9,3
80.0,9.0,3.5
19.0,9.0,4.5
28.0,9.0,3.5
97,9,5
1,9,4
65.0,9.0,3.5
86.0,9.0,4.5
8.0,9.0,4.5
27.0,9.0,0.5
51,9,4
62.0,9.0,2.5
78,9,2
64,9,2
18.0,9.0,1.5
49,9,2
10.0,9.0,4.5
30.0,9.0,4.5
17,9,4
23.0,9.0,2.5
59,9,4
37.0,9.0,1.5
11.0,9.0,4.5
63,9,3
70,9,1
55,9,5
13,9,4
14.0,9.0,2.5
92.0,9.0,3.5
9.0,9.0,3.5
93.0,9.0,3.5
91,9,3
38.0,9.0,3.5
33,9,3
48.0,9.0,3.5
88.0,9.0,4.5
87.0,9.0,3.5
3.0,9.0,3.5
60,9,1
91.0,10.0,4.5
63.0,10.0,1.5
37.0,10.0,4.5
65.0,10.0,4.5
51.0,10.0,3.5
3,10,4
46,10,2
86,10,3
71.0,10.0,3.5
32,10,2
81,10,3
93,10,1
19,10,1
76.0,10.0,2.5
61,10,0
92.0,10.0,2.5
62.0,10.0,4.5
35.0,10.0,2.5
10.0,10.0,0.5
66,10,4
45.0,10.0,0.5
17,10,0
49,10,3
47,10,5
56,10,0
33,11,3
25.0,11.0,3.5
63.0,11.0,0.5
78,11,3
45.0,11.0,1.5
62.0,11.0,4.5
85,11,3
36,11,4
11,11,5
56.0,11.0,4.5
77,11,3
58,11,2
27.0,11.0,2.5
22,11,2
50.0,11.0,2.5
89,11,2
20.0,11.0,3.5
91,11,0
0.0,11.0,2.5
4,11,1
10.0,11.0,0.5
52,11,3
41.0,11.0,4.5
15.0,11.0,1.5
5,11,1
47.0,11.0,4.5
72.0,11.0,3.5
48,11,1
18,11,1
84,11,5
95,11,4
76,11,3
35.0,11.0,1.5
93,11,4
40,11,4
51.0,11.0,0.5
49.0,11.0,4.5
87,11,2
14.0,11.0,2.5
13.0,11.0,2.5
61,11,2
68,11,3
98,11,1
26.0,11.0,4.5
86,11,4
70,11,2
37.0,11.0,3.5
88,11,1
3.0,11.0,4.5
79.0,11.0,3.5
28,11,0
97,11,0
80,11,3
74,11,4
75.0,11.0,4.5
64,11,1
16.0,11.0,1.5
71,11,1
32,11,0
69.0,11.0,2.5
55,11,5
66.0,11.0,0.5
8,11,0
44,11,3
83.0,11.0,0.5
60.0,11.0,3.5
82,11,1
42,11,4
39,11,3
29,11,5
9,11,0
54,11,3
90,11,5
38,11,2
43.0,11.0,0.5
12.0,11.0,0.5
73,11,3
19.0,11.0,2.5
53,11,4
30,11,4
24.0,11.0,4.5
99,11,0
23.0,11.0,1.5
1.0,11.0,1.5
81,11,5
34,11,1
2.0,11.0,1.5
7,11,3
31,11,3
21,11,3
57,11,0
94.0,11.0,4.5
46.0,11.0,0.5
6.0,11.0,2.5
59,11,5
92,11,2
17,11,4
96,11,0
67,11,3
65,11,3
96,12,3
83,12,0
48.0,12.0,0.5
95.0,12.0,0.5
29.0,12.0,0.5
9,12,0
12.0,13.0,0.5
27,13,4
37,13,3
73.0,13.0,0.5
62.0,13.0,3.5
7,13,5
85,14,1
21.0,14.0,4.5
28.0,14.0,1.5
24,14,0
98,14,3
12.0,14.0,1.5
86,14,0
88.0,14.0,1.5
30,14,5
43.0,14.0,0.5
42.0,15.0,1.5
14,15,0
8.0,15.0,4.5
55.0,15.0,2.5
92,15,0
88,15,5
27.0,15.0,4.5
90.0,15.0,0.5
99,15,0
43.0,15.0,0.5
98.0,15.0,1.5
44.0,15.0,1.5
40,15,4
18.0,15.0,4.5
72,15,1
48.0,15.0,4.5
36.0,15.0,1.5
0,15,0
77,15,0
97.0,15.0,4.5
15,15,0
12.0,15.0,1.5
95,15,3
17.0,15.0,3.5
83,15,4
37.0,15.0,2.5
28,15,3
25,15,0
85.0,15.0,3.5
21.0,15.0,4.5
91,15,4
93,15,5
5,15,3
23,15,4
65,15,2
78,15,0
1,15,5
53,15,3
54,15,1
79.0,15.0,1.5
94,15,5
69,15,1
13.0,15.0,4.5
45.0,15.0,2.5
16.0,15.0,1.5
49,15,2
22,15,5
33.0,15.0,3.5
71.0,15.0,0.5
86.0,15.0,4.5
4.0,15.0,1.5
87.0,15.0,4.5
52,15,3
80.0,16.0,3.5
9.0,16.0,4.5
70,16,1
38.0,16.0,3.5
90,16,4
59,16,4
31,16,4
47,16,0
79,16,5
40,16,3
52,16,2
62.0,16.0,4.5
86,16,3
77.0,16.0,4.5
96,16,4
93,16,0
84,16,1
92,16,2
17,16,1
74,16,5
6,16,3
39,16,0
21,16,2
33.0,16.0,0.5
37.0,16.0,2.5
63,16,0
71.0,16.0,2.5
73.0,16.0,0.5
88.0,16.0,1.5
67,17,3
16,17,3
7,17,0
52,17,5
85.0,17.0,1.5
32,17,0
8,17,5
75.0,17.0,3.5
81.0,17.0,1.5
58,17,3
68,17,0
39.0,17.0,1.5
25,17,4
21,17,2
99,17,0
48,17,3
95,17,1
74.0,17.0,2.5
78,17,3
40.0,17.0,0.5
45,17,2
24.0,17.0,4.5
84,17,2
72.0,17.0,1.5
33,17,1
44,17,0
96,17,5
0,17,5
12.0,17.0,3.5
59.0,17.0,4.5
55,17,5
37,17,2
11,17,4
3,17,3
29,17,0
5.0,17.0,3.5
91.0,17.0,1.5
65,17,0
57,17,0
88.0,17.0,4.5
50,17,2
86,17,2
46,17,1
47,17,1
77,17,4
89,17,2
87,17,5
14.0,17.0,0.5
35.0,17.0,4.5
1.0,17.0,2.5
62.0,17.0,0.5
42,17,5
51.0,17.0,2.5
54,17,1
80.0,17.0,1.5
83,17,4
90.0,17.0,0.5
23.0,17.0,2.5
66,17,5
28.0,17.0,4.5
6.0,17.0,2.5
63,17,4
93.0,17.0,3.5
18,17,4
20.0,17.0,0.5
92.0,17.0,3.5
36.0,17.0,3.5
56,17,5
41,17,1
76,17,0
38,17,3
34,17,4
17,17,1
64,17,5
43,17,5
69.0,17.0,3.5
31,17,3
22.0,17.0,0.5
82,17,1
61.0,17.0,1.5
2.0,17.0,2.5
13,17,2
26.0,17.0,2.5
94.0,17.0,4.5
79,17,5
10,17,0
15,17,4
53,17,3
97,17,5
71,17,5
19,17,5
73.0,17.0,3.5
9,17,2
98,17,3
27,17,0
4,17,3
30,17,2
92.0,18.0,1.5
28,18,1
88.0,18.0,3.5
99.0,18.0,3.5
86.0,18.0,1.5
25,18,2
79.0,18.0,3.5
7,18,0
20,18,5
22,18,3
9.0,18.0,1.5
66,18,4
59,18,4
8,18,1
24.0,18.0,3.5
69,18,3
75,18,0
76.0,18.0,0.5
55,18,4
78,18,4
1,18,0
32,18,0
5,18,4
45.0,18.0,4.5
37,18,5
0,18,2
67.0,18.0,1.5
52.0,18.0,4.5
49,18,5
42.0,18.0,4.5
15,18,2
21,18,0
12,18,5
51.0,18.0,0.5
53,18,5
77,18,1
4,18,4
73.0,18.0,0.5
81,18,5
83.0,18.0,0.5
85,18,4
65,18,5
96.0,18.0,4.5
61.0,18.0,3.5
6.0,18.0,1.5
18.0,18.0,4.5
54.0,18.0,4.5
17,18,3
95.0,18.0,2.5
30,18,3
90,18,2
35,18,0
19.0,18.0,2.5
50.0,18.0,0.5
14.0,18.0,3.5
47.0,18.0,1.5
31.0,18.0,2.5
70,18,5
60,18,5
16.0,18.0,1.5
93,18,4
62,18,3
40,18,3
80.0,18.0,2.5
71,18,5
13,18,2
39.0,18.0,3.5
33,18,2
29,18,0
3.0,18.0,3.5
94.0,18.0,0.5
38,18,1
68,18,5
23.0,18.0,0.5
57,18,0
44,18,5
97.0,18.0,3.5
48,18,4
26,18,1
34,18,2
10,18,1
27,18,0
63.0,18.0,0.5
87,18,0
58,18,0
46,18,3
56.0,18.0,0.5
82,18,3
98,18,4
91,18,1
24.0,19.0,3.5
47,19,5
64.0,19.0,2.5
53,19,3
18,19,0
66.0,19.0,0.5
8.0,19.0,0.5
65.0,19.0,0.5
46.0,19.0,2.5
56,19,1
45,19,0
20.0,19.0,2.5
31.0,19.0,0.5
78.0,19.0,0.5
91,19,1
59.0,19.0,4.5
12,19,0
85,19,2
72,19,1
36,19,2
39,19,0
88,19,4
28.0,19.0,2.5
9,19,0
87,19,3
97,19,5
84,19,2
76,19,2
3.0,19.0,2.5
35.0,19.0,3.5
94,19,2
14,19,1
19,19,4
73.0,19.0,0.5
21,19,1
62.0,19.0,2.5
81.0,19.0,3.5
96.0,19.0,4.5
57.0,19.0,4.5
4,19,5
16.0,19.0,2.5
26,19,0
2,19,2
99.0,19.0,2.5
1.0,19.0,4.5
0,19,0
22,19,4
23,19,3
40,19,2
77.0,20.0,3.5
13.0,20.0,3.5
65,20,5
69.0,20.0,4.5
63,20,0
76,20,0
98.0,20.0,3.5
74,20,2
35,20,1
11,20,2
6.0,20.0,3.5
32,20,3
22.0,20.0,0.5
58.0,20.0,2.5
82.0,20.0,0.5
26.0,20.0,4.5
19,20,1
36,20,4
31.0,20.0,3.5
49.0,20.0,0.5
54,20,5
27,20,5
53,20,0
42,20,5
33.0,20.0,0.5
86.0,20.0,3.5
48.0,20.0,0.5
57,20,4
8,20,0
93.0,20.0,0.5
89.0,20.0,2.5
10.0,20.0,0.5
55,20,4
59,20,4
75.0,20.0,2.5
14.0,20.0,3.5
50,20,5
61.0,20.0,2.5
85,20,4
91,20,3
25.0,20.0,2.5
87.0,20.0,2.5
20,20,5
47,20,4
97,20,1
24.0,20.0,3.5
83,20,0
48,21,2
94.0,21.0,3.5
61,21,2
24,21,5
85,21,4
32,21,5
25,21,5
23,21,4
51.0,21.0,0.5
95.0,21.0,1.5
93,21,4
31.0,21.0,3.5
68.0,21.0,1.5
82,21,2
13.0,21.0,0.5
98.0,21.0,0.5
6,21,2
91,21,4
99,21,4
54,21,1
52,21,2
88,21,1
64,21,0
76.0,21.0,2.5
62,21,2
1,21,3
30,21,3
75.0,22.0,0.5
39,22,0
19,22,3
73.0,22.0,3.5
85,22,0
63.0,22.0,1.5
64.0,22.0,0.5
1,22,3
56,22,1
97.0,22.0,0.5
36,22,0
12.0,22.0,1.5
13.0,22.0,1.5
46.0,22.0,4.5
38,22,0
47,22,0
28,22,0
99.0,22.0,1.5
30.0,22.0,0.5
89,22,0
51.0,22.0,3.5
34.0,22.0,2.5
7,22,5
67,22,5
11.0,22.0,0.5
37,22,0
0.0,22.0,0.5
84,22,5
27.0,23.0,2.5
90,23,1
5,23,4
26,23,5
17.0,23.0,1.5
86,23,3
22.0,23.0,2.5
88,23,5
44,23,5
94,23,0
36,23,5
95,23,4
50,23,0
61.0,23.0,1.5
81,23,2
33,23,3
42.0,23.0,0.5
2.0,23.0,1.5
48.0,23.0,2.5
34.0,23.0,0.5
32.0,23.0,0.5
66,23,0
87,23,2
83.0,24.0,2.5
23,24,3
86.0,24.0,4.5
90.0,24.0,1.5
17,24,2
96,24,0
22,24,5
81,24,2
68,24,5
57,24,1
54.0,24.0,2.5
30.0,24.0,3.5
58.0,24.0,0.5
71,24,4
94.0,24.0,3.5
99,24,2
65,24,1
82.0,24.0,0.5
32,24,2
11,24,5
47.0,24.0,3.5
16.0,24.0,3.5
64,24,2
53,24,4
85.0,24.0,2.5
19,24,0
13.0,24.0,2.5
79.0,24.0,1.5
39,24,0
29,24,3
38.0,24.0,4.5
1.0,24.0,2.5
44,24,0
91,24,5
6,24,4
9,24,1
18,24,5
4.0,24.0,0.5
93,24,5
75.0,24.0,0.5
39,25,1
64.0,25.0,4.5
87,25,5
59,25,2
78.0,25.0,2.5
5.0,25.0,0.5
93.0,25.0,1.5
26.0,25.0,1.5
91.0,25.0,3.5
67.0,25.0,3.5
58.0,25.0,4.5
99,25,2
13,25,5
27.0,25.0,4.5
1.0,25.0,4.5
70,25,4
2.0,25.0,1.5
20.0,25.0,1.5
77.0,25.0,0.5
17,25,3
90,26,4
56,26,1
93,26,4
21,26,3
96,26,1
9,26,1
12,26,5
44,26,4
28,26,2
49.0,26.0,1.5
14,26,5
73.0,26.0,1.5
86.0,26.0,0.5
65,26,4
19.0,26.0,3.5
46.0,26.0,0.5
11,26,0
22,26,2
17,26,4
37,26,4
91.0,26.0,3.5
72,26,1
70,26,2
69.0,26.0,0.5
48.0,26.0,1.5
57.0,26.0,2.5
3,26,5
35,26,5
8,26,1
39,26,3
27,26,3
7.0,26.0,1.5
15,26,0
36,26,5
60,26,4
29,26,0
87,26,1
42,26,5
59,26,4
30,26,5
38.0,26.0,2.5
68,26,0
10.0,26.0,4.5
85.0,26.0,1.5
62,26,4
13.0,26.0,0.5
83.0,26.0,3.5
61.0,26.0,2.5
31.0,26.0,1.5
66,26,3
92.0,26.0,0.5
97.0,26.0,4.5
95.0,26.0,4.5
41.0,26.0,1.5
24,26,1
94,26,3
89,26,2
25,26,2
58,26,3
99.0,26.0,1.5
26,26,5
82.0,26.0,2.5
34,26,2
74.0,26.0,3.5
78,26,0
43.0,26.0,0.5
71.0,26.0,3.5
77,26,3
20,26,1
88,26,0
5,26,2
84.0,26.0,3.5
23,26,4
63.0,26.0,4.5
47,26,2
33,26,4
75.0,26.0,1.5
18,26,1
98,26,3
51,26,1
76.0,26.0,2.5
40.0,26.0,1.5
80,26,4
9,27,5
99.0,27.0,2.5
55,27,2
7.0,27.0,3.5
41,27,0
73,27,4
61.0,27.0,0.5
29.0,27.0,1.5
37,27,3
72.0,27.0,3.5
39.0,27.0,3.5
8,27,2
32.0,27.0,3.5
0,27,1
81.0,27.0,1.5
87,27,5
33.0,27.0,4.5
12.0,27.0,1.5
79.0,27.0,1.5
62,27,0
69.0,27.0,2.5
28.0,27.0,2.5
43,27,0
58.0,27.0,0.5
60,27,5
51,27,0
97.0,27.0,4.5
54.0,27.0,0.5
16,27,2
24.0,27.0,2.5
1.0,27.0,3.5
98,27,2
50,27,2
93,27,1
92,27,2
91.0,27.0,3.5
2.0,27.0,2.5
80,27,2
75.0,27.0,4.5
83,27,1
89,27,2
95,27,5
96,27,0
40,27,2
42,27,5
66,27,1
31,27,2
47.0,27.0,0.5
52,27,2
74,27,2
59,27,1
14,27,0
67,27,1
4,27,5
78,27,3
46.0,27.0,2.5
11.0,27.0,0.5
64.0,27.0,2.5
90,27,4
21,27,0
71,27,4
3,27,5
17.0,27.0,3.5
82,27,2
48,27,1
44.0,27.0,2.5
56,27,2
5.0,27.0,3.5
6,27,1
84,27,0
22,27,0
76.0,27.0,1.5
25,27,3
45,27,1
19.0,27.0,4.5
10,27,0
94.0,27.0,0.5
70.0,27.0,2.5
20,27,5
68.0,27.0,3.5
65.0,27.0,2.5
30,27,3
63,27,5
85,27,5
36,27,0
53.0,27.0,2.5
77.0,27.0,4.5
38.0,27.0,0.5
57.0,27.0,1.5
15,27,4
86,27,3
35,27,3
26,27,3
27.0,27.0,2.5
88,27,5
34,27,5
23.0,27.0,1.5
74,28,3
83.0,28.0,4.5
36.0,28.0,2.5
45,28,2
23.0,28.0,2.5
32,28,2
53,28,5
58.0,28.0,3.5
24.0,28.0,4.5
47.0,28.0,4.5
94.0,28.0,3.5
21,28,0
87.0,28.0,3.5
41,28,3
71.0,28.0,1.5
78,28,1
67,28,1
60,28,1
48,28,4
56,28,4
98,28,5
96,28,5
12,28,5
42.0,28.0,3.5
18.0,28.0,2.5
51,28,3
99.0,28.0,0.5
2.0,28.0,3.5
54.0,28.0,2.5
62.0,28.0,1.5
6.0,28.0,4.5
61.0,28.0,2.5
30.0,28.0,0.5
64,28,0
59.0,28.0,0.5
31,28,0
8,28,3
92.0,28.0,3.5
68,28,3
85,28,0
37,28,3
43,28,4
19,28,3
57.0,28.0,2.5
55,28,0
50.0,28.0,4.5
7.0,28.0,4.5
33.0,28.0,4.5
49,28,0
84.0,28.0,2.5
1,28,1
38.0,28.0,3.5
22,28,1
97,28,3
89.0,28.0,2.5
79.0,28.0,2.5
28,28,1
46,28,0
86,28,3
35.0,28.0,0.5
3.0,28.0,2.5
34,28,0
9.0,28.0,4.5
70.0,28.0,4.5
27.0,28.0,4.5
72,28,0
41.0,29.0,0.5
14,29,5
37.0,29.0,2.5
91,29,2
57.0,29.0,0.5
99.0,29.0,3.5
46.0,29.0,3.5
64,29,4
24,29,4
42.0,29.0,3.5
25.0,29.0,4.5
75,29,1
80,29,4
20,29,3
55.0,29.0,4.5
92,29,2
15.0,29.0,3.5
97,29,2
2,29,3
3,29,0
28.0,29.0,4.5
5.0,29.0,0.5
87,29,5
10,29,1
79.0,29.0,4.5
1,29,5
61,29,3
89,29,0
32,29,1
62.0,29.0,0.5
23,29,4
66.0,29.0,3.5
44.0,29.0,2.5
60,29,1
9.0,29.0,2.5
33,29,4
85,29,0
29,29,0
82,29,2
93.0,29.0,1.5
34,29,3
59,29,5
73,29,2
13.0,29.0,0.5
47,29,2
0.0,29.0,0.5
39,29,1
8,29,0
74,29,1
96,29,4
21,29,3
54.0,29.0,2.5
50.0,29.0,1.5
36,29,1
40,29,3
71.0,29.0,1.5
18,29,4
7,29,3
88.0,29.0,4.5
6.0,29.0,2.5
11,29,4
12.0,29.0,2.5
67,29,1
45.0,29.0,3.5
48,29,3
94.0,29.0,4.5
32,30,0
54.0,30.0,2.5
61.0,30.0,1.5
6.0,30.0,1.5
94,30,4
52,30,4
74,30,3
51,30,4
15.0,30.0,0.5
24,30,5
46.0,30.0,4.5
95,30,1
0.0,30.0,4.5
63,30,1
11.0,30.0,0.5
92.0,30.0,1.5
19.0,30.0,2.5
10,30,4
97,30,2
7.0,30.0,1.5
78,30,0
2.0,30.0,1.5
41,30,1
65,30,3
62,30,5
44.0,30.0,3.5
34.0,30.0,1.5
90,30,2
20,30,0
77.0,30.0,1.5
43.0,30.0,4.5
22.0,30.0,4.5
13,30,4
76,30,0
91.0,30.0,2.5
84,30,0
50.0,30.0,3.5
73,30,3
75.0,30.0,4.5
88.0,30.0,3.5
64,30,5
79.0,30.0,4.5
14.0,30.0,2.5
5,30,0
99.0,30.0,4.5
9,30,3
58.0,30.0,4.5
98,30,2
37.0,30.0,0.5
47.0,30.0,2.5
81,30,3
82,30,5
85,30,3
93,30,0
12,30,2
55.0,30.0,4.5
49.0,30.0,4.5
21.0,30.0,1.5
25,30,4
80,30,2
59,30,4
17,30,1
39.0,30.0,1.5
87,30,1
67.0,30.0,3.5
42,30,0
1.0,30.0,4.5
40.0,30.0,0.5
27.0,30.0,1.5
83.0,30.0,3.5
20,31,1
44.0,31.0,2.5
90.0,31.0,2.5
82.0,31.0,3.5
92.0,31.0,0.5
54,31,4
68,31,2
87,31,3
85.0,31.0,2.5
74,31,3
71,31,5
2,31,0
31.0,31.0,3.5
14,31,4
55,31,3
76.0,31.0,0.5
30,31,4
59,31,1
50.0,31.0,1.5
98.0,31.0,3.5
58,31,4
34.0,31.0,4.5
80.0,31.0,0.5
95.0,31.0,1.5
3,31,4
29.0,31.0,3.5
56,31,3
49,31,5
84,31,5
81.0,31.0,2.5
64,31,2
10.0,31.0,2.5
88.0,31.0,0.5
46,31,3
32,31,4
61.0,31.0,1.5
77.0,31.0,0.5
63.0,31.0,2.5
23,31,4
89,31,2
0.0,31.0,3.5
37,31,2
93,31,4
96.0,31.0,4.5
79,31,2
69.0,31.0,2.5
1,31,4
38.0,31.0,3.5
28.0,31.0,3.5
86.0,31.0,2.5
36.0,31.0,3.5
99,31,5
48.0,31.0,0.5
25,31,0
22.0,31.0,4.5
78,31,2
5.0,31.0,4.5
8,31,0
83.0,31.0,0.5
43,31,0
51.0,31.0,1.5
12.0,31.0,0.5
73,31,4
45.0,31.0,3.5
18,31,3
4.0,31.0,0.5
72,31,2
11,31,5
39.0,31.0,0.5
9,31,3
70.0,31.0,0.5
62,31,4
42,31,2
40,31,3
13,31,0
52.0,31.0,0.5
91.0,31.0,4.5
19,31,4
15.0,31.0,4.5
6,31,5
41.0,31.0,4.5
97,31,2
17.0,31.0,4.5
21,31,0
47.0,31.0,3.5
35.0,31.0,1.5
33,31,0
53,31,3
27,31,2
66,31,5
16.0,31.0,1.5
57.0,31.0,0.5
94.0,31.0,4.5
75.0,31.0,0.5
7,31,4
60.0,31.0,1.5
26,31,1
24.0,31.0,0.5
53,32,2
24.0,32.0,3.5
78,32,4
17.0,32.0,4.5
93.0,32.0,4.5
91,32,0
58.0,32.0,2.5
99,32,3
34.0,32.0,2.5
50.0,32.0,2.5
38.0,32.0,0.5
27,32,0
18.0,32.0,4.5
62,32,5
55,32,0
7.0,32.0,1.5
71.0,32.0,1.5
67.0,32.0,1.5
48.0,32.0,3.5
20,32,2
86.0,32.0,1.5
30,32,2
89,32,2
66.0,32.0,1.5
74,32,2
97.0,32.0,2.5
72,32,3
0,32,4
92,32,3
36,32,3
2.0,32.0,0.5
47,32,0
9,32,2
42,32,5
79,32,4
13.0,32.0,1.5
26,32,4
87,32,4
8.0,32.0,1.5
41.0,32.0,4.5
40.0,32.0,1.5
45,32,2
81.0,32.0,2.5
98,32,2
59,32,2
51,32,5
64.0,32.0,0.5
95,32,4
1.0,32.0,1.5
82.0,32.0,2.5
70,32,5
80,32,2
60.0,32.0,2.5
6.0,32.0,0.5
94.0,32.0,3.5
85,32,1
52.0,32.0,0.5
29,32,0
68.0,32.0,1.5
84.0,32.0,2.5
54.0,32.0,2.5
61,32,2
65.0,32.0,1.5
35.0,32.0,1.5
44,32,1
5.0,32.0,1.5
12.0,32.0,1.5
90.0,32.0,2.5
49,32,4
39,32,3
3,32,2
19.0,32.0,0.5
28,32,5
22,32,4
32,32,4
73,32,4
96.0,32.0,3.5
4,32,2
76,32,5
88,32,3
83,32,5
15,32,2
77.0,32.0,3.5
63.0,32.0,0.5
57.0,32.0,0.5
25.0,32.0,0.5
11,32,0
23,32,2
10,32,2
8.0,33.0,2.5
17,33,1
82.0,33.0,1.5
0.0,33.0,4.5
44,33,5
42.0,33.0,4.5
22,33,1
71.0,33.0,1.5
75.0,33.0,2.5
49.0,33.0,4.5
12,33,5
93.0,33.0,2.5
51,33,1
14,33,0
2.0,33.0,1.5
81.0,33.0,3.5
77.0,33.0,1.5
99,33,2
50.0,33.0,3.5
91,33,4
60.0,33.0,1.5
43,33,5
33.0,33.0,3.5
15,33,2
20.0,33.0,4.5
18,33,0
79.0,33.0,1.5
35,33,0
97,33,4
56.0,33.0,4.5
9,33,3
89.0,33.0,0.5
16,33,5
38,33,1
88.0,33.0,0.5
34,33,4
74,33,2
30,33,1
90.0,33.0,0.5
65,33,3
41.0,33.0,0.5
28,33,5
4.0,33.0,3.5
3,33,3
84.0,33.0,3.5
95,33,3
73,33,3
40,33,5
64,33,4
6.0,33.0,3.5
80,33,4
70,33,2
63.0,33.0,1.5
7.0,33.0,1.5
27,33,0
62.0,33.0,0.5
83,33,4
55,33,1
96,33,3
36.0,33.0,4.5
39.0,33.0,4.5
86.0,33.0,4.5
78.0,33.0,3.5
87.0,33.0,1.5
45.0,33.0,2.5
11.0,33.0,1.5
13,33,2
66.0,33.0,3.5
92,33,0
67.0,33.0,0.5
98.0,33.0,4.5
21,33,4
59,33,1
24,33,0
48.0,33.0,1.5
46.0,33.0,2.5
26.0,33.0,3.5
61.0,33.0,1.5
10,33,5
25,33,5
72.0,33.0,4.5
19,33,2
58,33,0
47.0,33.0,1.5
6.0,34.0,0.5
21.0,34.0,1.5
4,34,5
14.0,34.0,1.5
30,34,0
72.0,34.0,3.5
57.0,34.0,4.5
89,34,2
61.0,34.0,2.5
75.0,34.0,0.5
80,34,0
9.0,34.0,2.5
0.0,34.0,4.5
71.0,34.0,2.5
73.0,34.0,3.5
11.0,34.0,1.5
41,34,2
40.0,34.0,4.5
36,34,5
66.0,34.0,1.5
27,34,3
45,34,3
22,34,4
99.0,34.0,4.5
98,34,5
52.0,34.0,4.5
19,34,0
15.0,34.0,0.5
85,34,3
53.0,34.0,3.5
44.0,34.0,2.5
56,34,1
92.0,34.0,4.5
2.0,34.0,3.5
1,34,3
54.0,34.0,3.5
29,34,4
16,34,4
28.0,34.0,1.5
8.0,34.0,0.5
62.0,34.0,4.5
95,34,0
34,34,4
78.0,34.0,4.5
17,34,4
88.0,34.0,3.5
90.0,34.0,2.5
3,34,4
70,34,0
87,34,0
49.0,34.0,1.5
47.0,34.0,1.5
83,34,5
18.0,34.0,0.5
20,34,2
5,34,5
82.0,34.0,4.5
67,34,0
68.0,34.0,2.5
65,34,0
63.0,34.0,4.5
35,34,1
96,34,5
12,34,5
42.0,34.0,3.5
77,34,0
91,34,1
93.0,34.0,3.5
79,34,1
38,34,4
7.0,34.0,4.5
64.0,34.0,0.5
48,34,3
32.0,34.0,4.5
76.0,34.0,0.5
58,34,5
31.0,34.0,1.5
84.0,34.0,0.5
86,34,4
59,34,1
94,34,5
3.0,35.0,1.5
13,35,4
23.0,35.0,1.5
14.0,35.0,3.5
45,35,4
24,35,3
42,35,4
54.0,35.0,1.5
4,35,2
27,35,2
21,35,5
34.0,35.0,2.5
16,35,1
5.0,35.0,0.5
17,35,0
94,35,3
41,35,0
90.0,35.0,0.5
25,35,0
11.0,35.0,1.5
28.0,35.0,3.5
93.0,35.0,1.5
57.0,35.0,1.5
59.0,35.0,1.5
67,35,5
96,35,0
97.0,35.0,1.5
91,35,0
40.0,35.0,1.5
58,35,5
53.0,35.0,2.5
39,35,4
86,35,0
68,35,2
37.0,35.0,1.5
60,35,0
1,35,0
12.0,35.0,1.5
74,35,0
88,35,0
49,35,0
7,35,5
19,35,5
76.0,35.0,1.5
61.0,35.0,1.5
81.0,35.0,0.5
51,35,3
95,35,5
72.0,35.0,3.5
33.0,35.0,4.5
48,35,3
78.0,35.0,0.5
32,35,0
84,35,4
43,35,0
9,35,2
85,35,0
47,35,1
66,35,1
99.0,35.0,2.5
22,35,3
36.0,35.0,2.5
0.0,35.0,2.5
64.0,35.0,1.5
30.0,35.0,1.5
89.0,35.0,3.5
77,35,3
71,35,1
6.0,35.0,4.5
20.0,35.0,3.5
56.0,35.0,4.5
79,35,5
55,35,5
98,36,2
78,36,1
44.0,36.0,3.5
45,36,2
28,36,3
56.0,36.0,2.5
96,36,2
72,36,0
31,36,1
59,36,3
60,36,4
42,36,4
35.0,36.0,1.5
54,36,2
1.0,36.0,3.5
95,36,4
74.0,36.0,0.5
38,36,3
67.0,36.0,3.5
34,36,4
10,36,2
13.0,36.0,2.5
48.0,36.0,0.5
20.0,36.0,3.5
15,36,1
5.0,36.0,1.5
99,36,3
40,36,2
92.0,36.0,2.5
71.0,36.0,4.5
55,36,3
73.0,36.0,0.5
52.0,36.0,4.5
70,36,2
97,36,2
18.0,36.0,1.5
17.0,36.0,2.5
3.0,36.0,1.5
23,36,0
41,36,2
6,36,3
93,36,0
65,36,3
4,36,1
53,36,3
39,36,4
82,36,1
62.0,36.0,0.5
0,36,5
89.0,36.0,0.5
2,36,0
81.0,36.0,1.5
14,36,2
16,36,1
66.0,36.0,4.5
47,36,5
46,36,0
9,36,3
69.0,36.0,3.5
51.0,36.0,2.5
49.0,36.0,0.5
11,36,5
24,36,4
87.0,36.0,4.5
33,36,3
84.0,36.0,0.5
58.0,36.0,2.5
86,36,5
68,36,0
50,36,3
26.0,36.0,1.5
30,36,2
25,36,4
7.0,36.0,3.5
75.0,36.0,2.5
57.0,36.0,2.5
22.0,36.0,1.5
94.0,36.0,4.5
8.0,36.0,2.5
63,36,5
27,36,4
77,36,2
85,36,1
79.0,36.0,3.5
88,36,4
83.0,36.0,4.5
29.0,36.0,3.5
90,36,2
61.0,36.0,4.5
32,36,4
43.0,36.0,1.5
37.0,36.0,1.5
80,36,3
76,36,5
21.0,36.0,4.5
19.0,36.0,0.5
36,36,4
12,36,4
64.0,36.0,2.5
68,37,4
73,37,3
18.0,37.0,1.5
87.0,37.0,4.5
1.0,37.0,2.5
10,37,5
35.0,37.0,1.5
61,37,3
44,37,4
75,37,5
83,37,0
78.0,37.0,1.5
51,37,0
57.0,37.0,2.5
62,37,4
17.0,37.0,2.5
50,37,3
38,37,2
76,37,1
43,37,0
0,37,5
21.0,37.0,0.5
6,37,1
12.0,37.0,4.5
34,37,2
20.0,37.0,1.5
84,37,4
49,37,2
48.0,37.0,1.5
82,37,0
13,37,2
54,37,4
97,37,5
89.0,37.0,3.5
93,37,2
11,37,3
65,37,5
67.0,37.0,0.5
45,37,3
31.0,37.0,0.5
80.0,37.0,3.5
26,37,5
29.0,37.0,1.5
88.0,37.0,4.5
6.0,38.0,0.5
51.0,38.0,4.5
48.0,38.0,4.5
54,38,4
70,38,2
47,38,2
82.0,38.0,3.5
85,38,1
69,38,3
36.0,38.0,1.5
28,38,5
77.0,38.0,2.5
37,38,3
92.0,38.0,0.5
25.0,38.0,4.5
17,38,2
40,38,0
3.0,38.0,0.5
15,38,1
26.0,38.0,1.5
13,38,3
79,38,5
91,38,2
84,38,0
30,38,1
58.0,38.0,0.5
7,38,4
4.0,38.0,3.5
16.0,38.0,2.5
90,38,5
95,38,1
65,38,0
56.0,38.0,1.5
75.0,38.0,0.5
8.0,38.0,1.5
39,38,1
50,38,1
98.0,38.0,3.5
0,38,4
60,38,5
10,38,5
42.0,38.0,2.5
99.0,38.0,2.5
72,38,1
88.0,38.0,0.5
78,38,1
61,38,2
19.0,38.0,2.5
73.0,38.0,2.5
22.0,38.0,3.5
12,38,3
11.0,38.0,3.5
1.0,38.0,3.5
57,38,1
35.0,38.0,3.5
21.0,38.0,4.5
41.0,38.0,0.5
97.0,38.0,3.5
64.0,38.0,4.5
29,38,5
44,38,3
66.0,38.0,1.5
2.0,38.0,1.5
9.0,38.0,4.5
31.0,38.0,0.5
55.0,38.0,1.5
18.0,38.0,0.5
53.0,38.0,0.5
20.0,38.0,0.5
52,38,3
45.0,38.0,0.5
83,38,5
93,38,4
96,38,0
33.0,38.0,2.5
86.0,38.0,2.5
5,38,2
49,38,3
74.0,38.0,3.5
89.0,38.0,0.5
63,38,5
7.0,39.0,0.5
22,39,3
34,39,5
31,39,2
98,39,2
74.0,39.0,2.5
84.0,39.0,4.5
42.0,39.0,4.5
9,39,4
6.0,39.0,4.5
68,39,2
28.0,39.0,2.5
49.0,39.0,0.5
90.0,39.0,0.5
70,39,4
80,39,4
40.0,39.0,3.5
16.0,39.0,0.5
65,39,0
2,39,4
37.0,39.0,2.5
88,39,1
27.0,39.0,4.5
66.0,39.0,1.5
62,39,1
32,39,5
99.0,39.0,0.5
63.0,39.0,4.5
53,39,0
57.0,39.0,2.5
0.0,39.0,3.5
41,39,1
56,39,0
30.0,39.0,4.5
72,39,2
71.0,39.0,2.5
47.0,39.0,2.5
15.0,39.0,4.5
23.0,39.0,0.5
25.0,39.0,4.5
78.0,39.0,4.5
12,39,2
43,39,4
61.0,39.0,4.5
87.0,39.0,3.5
4,39,0
96,39,0
79.0,39.0,3.5
69.0,39.0,0.5
64,39,3
44,39,4
97,39,2
95.0,39.0,0.5
8.0,39.0,0.5
58,39,0
67,39,4
19,39,3
85,39,0
46.0,39.0,3.5
10.0,39.0,1.5
76.0,39.0,0.5
77.0,39.0,2.5
50.0,39.0,0.5
21,40,3
7.0,40.0,1.5
54.0,40.0,1.5
26.0,40.0,0.5
45.0,40.0,4.5
67,40,4
16,40,0
20.0,40.0,2.5
34,40,2
5,40,5
66,40,4
79,40,3
70,40,0
62.0,40.0,3.5
47.0,40.0,0.5
49.0,40.0,3.5
38.0,40.0,0.5
82.0,40.0,0.5
60,40,1
48.0,40.0,3.5
19,40,0
40,40,1
39.0,40.0,1.5
83.0,40.0,4.5
99.0,40.0,1.5
65,40,4
19.0,41.0,0.5
26.0,41.0,0.5
18.0,41.0,3.5
95,41,5
22.0,41.0,1.5
9,41,5
97,41,5
88,41,2
90,41,0
84.0,41.0,2.5
44,41,4
54.0,41.0,0.5
14,41,4
51,41,3
32,41,3
59,41,3
89,41,1
76,41,5
29.0,41.0,0.5
73,41,1
99,41,2
4,41,5
50,41,0
10.0,41.0,0.5
25,41,5
37,41,3
60.0,41.0,4.5
47,41,4
43,41,3
66.0,41.0,1.5
77,41,3
98.0,41.0,4.5
61,41,1
16,41,3
3.0,41.0,4.5
56.0,41.0,2.5
94,41,5
24.0,41.0,3.5
17.0,41.0,3.5
45.0,41.0,0.5
87.0,41.0,0.5
1,41,1
62,41,4
58,41,3
38.0,41.0,1.5
7.0,41.0,1.5
55,41,4
5.0,41.0,3.5
91.0,41.0,3.5
33,41,1
74.0,41.0,2.5
46.0,42.0,1.5
31.0,42.0,2.5
65,42,4
25.0,42.0,0.5
48.0,42.0,0.5
38,42,3
53.0,42.0,0.5
26,42,0
92,42,5
44.0,42.0,3.5
18,42,0
69.0,42.0,4.5
55.0,42.0,0.5
68,42,3
36,42,2
89,42,0
32,42,1
10,42,2
40,42,1
49,42,3
50,42,4
93.0,42.0,3.5
96.0,42.0,2.5
90,42,2
39,42,5
52.0,42.0,2.5
2,42,1
80.0,42.0,3.5
73.0,42.0,4.5
35.0,42.0,2.5
14,42,0
76.0,42.0,4.5
81,42,0
7,42,5
74,42,3
3,42,2
19.0,42.0,3.5
29.0,42.0,1.5
57.0,42.0,2.5
94.0,42.0,2.5
84,42,4
22.0,42.0,0.5
71,42,4
75.0,42.0,1.5
8.0,42.0,3.5
45.0,42.0,4.5
27,42,2
61,42,0
58,42,2
72,42,2
30.0,42.0,0.5
62.0,42.0,3.5
99.0,42.0,4.5
88.0,42.0,2.5
6,42,4
43,42,5
34.0,42.0,2.5
42.0,42.0,1.5
21.0,42.0,3.5
82,42,5
33,42,5
91,42,1
47.0,42.0,1.5
13,42,4
85.0,42.0,2.5
56.0,42.0,0.5
12,42,2
64.0,42.0,0.5
4.0,42.0,3.5
15.0,42.0,3.5
83,42,3
97,42,2
95,42,0
63.0,42.0,1.5
20,42,5
41,42,0
79,42,0
51.0,42.0,1.5
86,42,1
28,42,3
67.0,42.0,4.5
17,42,4
9.0,42.0,4.5
78,42,5
23,42,2
1,43,3
4,43,3
69.0,43.0,0.5
43.0,43.0,3.5
91,43,5
45.0,43.0,0.5
27.0,43.0,4.5
35,43,3
3.0,43.0,2.5
16.0,43.0,2.5
56,43,0
84.0,43.0,2.5
73,43,2
80,43,3
42.0,43.0,0.5
75.0,43.0,4.5
57,43,5
33,43,5
5,43,1
51.0,43.0,2.5
68.0,43.0,3.5
47,43,1
39,43,0
15.0,43.0,1.5
67,43,0
71.0,43.0,2.5
29.0,43.0,3.5
0,43,1
44.0,43.0,2.5
86,43,5
6,43,0
12,43,2
89.0,44.0,3.5
59,44,4
91.0,44.0,3.5
15,44,0
31,44,1
82,44,1
47.0,44.0,2.5
34.0,45.0,0.5
3.0,45.0,3.5
18.0,45.0,0.5
71.0,45.0,2.5
28,45,2
86.0,45.0,2.5
37,45,2
2,45,4
10.0,45.0,4.5
35,45,3
36.0,45.0,3.5
55,45,4
81.0,45.0,4.5
96,45,3
80.0,45.0,3.5
72.0,45.0,4.5
99.0,45.0,3.5
62.0,45.0,0.5
53.0,45.0,1.5
59.0,45.0,2.5
6,45,1
14.0,45.0,4.5
8,45,5
0,45,2
51,45,2
13.0,45.0,2.5
77,45,5
16,45,2
79,46,5
55.0,46.0,2.5
87,46,0
31.0,46.0,0.5
82.0,46.0,0.5
37,46,1
95,46,3
24,46,2
54.0,46.0,0.5
33,46,0
21,46,1
25,46,0
71,46,0
93,46,0
52,46,3
26.0,46.0,3.5
94.0,46.0,0.5
47,46,5
3.0,46.0,4.5
35,46,0
38,46,5
51,46,1
30,46,5
81,46,3
57,46,4
96.0,46.0,1.5
88,46,1
34.0,46.0,3.5
61.0,46.0,4.5
42,46,5
1,46,1
91,46,5
43.0,46.0,4.5
84.0,46.0,1.5
29.0,46.0,0.5
89,46,5
65,46,5
36,46,4
77.0,46.0,0.5
63.0,46.0,3.5
40.0,46.0,4.5
14.0,46.0,2.5
7,47,1
90.0,47.0,3.5
30,47,1
75,47,4
15.0,47.0,1.5
88,47,1
18,47,2
48.0,47.0,0.5
45,47,4
72.0,47.0,3.5
37.0,47.0,0.5
1.0,47.0,1.5
95,47,1
26,47,3
67.0,47.0,3.5
27,47,5
58,47,2
82.0,47.0,0.5
87,47,3
8,47,4
20,47,4
16.0,47.0,1.5
83.0,47.0,1.5
77,47,4
11,47,3
99.0,47.0,0.5
44.0,47.0,0.5
31.0,47.0,4.5
60.0,47.0,1.5
9,47,2
42,47,3
53.0,47.0,4.5
46,47,5
84,47,4
59,47,4
52,47,2
70,47,1
49.0,47.0,0.5
34.0,47.0,4.5
36,47,1
63.0,47.0,3.5
39,47,0
96,47,0
64.0,47.0,3.5
79.0,47.0,3.5
86,47,0
69.0,47.0,1.5
35,47,3
76,47,2
30,48,5
77,48,2
21,48,5
47.0,48.0,1.5
64,48,2
37,48,0
97.0,48.0,4.5
94.0,48.0,2.5
83.0,48.0,0.5
12,48,2
27.0,48.0,3.5
10.0,48.0,4.5
50.0,48.0,4.5
43,48,3
39.0,48.0,1.5
3.0,48.0,4.5
41,48,2
26,48,1
66,48,0
92,48,5
5,48,5
48.0,48.0,2.5
15.0,48.0,2.5
7,48,1
87.0,48.0,1.5
59,48,5
88,48,2
53,48,0
0,48,3
8.0,48.0,3.5
29.0,48.0,2.5
86.0,48.0,2.5
55,48,1
73,48,5
98,48,4
9.0,48.0,4.5
80.0,48.0,2.5
6,48,4
31,48,5
52,48,2
61,48,5
69.0,48.0,0.5
11.0,48.0,2.5
16,48,0
8,49,4
93,49,2
16.0,49.0,4.5
43,49,1
25.0,49.0,0.5
44,49,1
33,49,4
61,49,4
1,50,2
11,50,2
74,51,5
1.0,51.0,0.5
54,51,4
40.0,51.0,2.5
53.0,51.0,1.5
19.0,51.0,4.5
23,51,2
70.0,51.0,0.5
87.0,51.0,0.5
64,51,0
88.0,51.0,1.5
60,51,5
77,51,1
43.0,51.0,1.5
14,51,1
57.0,51.0,3.5
29,51,1
28,51,0
5,51,4
21.0,51.0,1.5
67.0,51.0,3.5
68.0,51.0,1.5
61,51,4
31,51,2
85.0,51.0,1.5
83,51,4
39,51,0
66.0,51.0,1.5
22.0,51.0,3.5
34.0,51.0,3.5
36.0,51.0,4.5
37,51,3
51,51,1
44,51,2
93.0,51.0,4.5
48.0,51.0,3.5
71,51,4
12,51,5
82.0,51.0,0.5
97,51,3
20,51,1
35,51,5
94,51,5
26,51,5
90,51,0
45.0,51.0,1.5
4.0,51.0,1.5
84.0,51.0,3.5
89.0,51.0,3.5
46.0,51.0,0.5
49,51,3
95,51,0
96.0,51.0,3.5
79.0,51.0,4.5
2,51,2
38,51,5
47.0,51.0,3.5
58,51,0
72.0,51.0,3.5
59,51,1
3.0,51.0,1.5
76.0,51.0,2.5
78,51,2
30,51,2
7,51,3
42,51,1
75.0,51.0,4.5
52,51,5
27.0,51.0,0.5
15.0,51.0,2.5
92.0,51.0,1.5
56,51,3
65.0,51.0,0.5
69.0,51.0,4.5
25,51,3
80,51,0
99.0,51.0,4.5
86.0,51.0,1.5
0.0,51.0,1.5
10,51,2
63.0,51.0,0.5
33.0,51.0,2.5
13.0,51.0,0.5
55,51,0
24.0,51.0,1.5
16,51,0
18,51,0
41.0,51.0,2.5
81,51,2
73,51,2
8.0,51.0,4.5
17,51,5
91,51,5
74.0,52.0,3.5
68.0,52.0,4.5
64.0,52.0,1.5
7,52,3
83.0,52.0,0.5
72.0,53.0,1.5
56.0,53.0,0.5
17.0,53.0,1.5
16,53,1
92,53,5
49,53,0
96,53,3
77,53,2
11,53,2
90,53,3
66,53,3
12.0,53.0,3.5
86,53,2
20.0,53.0,4.5
31,53,2
70,53,4
4,53,0
58,53,3
61,53,2
9.0,53.0,4.5
69,53,4
27,53,4
64,53,1
53,53,2
54.0,53.0,1.5
48,53,3
76,53,1
41,53,1
68.0,53.0,3.5
52,53,4
67,53,3
33.0,54.0,0.5
72.0,54.0,2.5
65.0,54.0,3.5
62,54,0
14,54,4
40,54,4
67,54,1
93,54,5
55,54,1
32,54,4
76,54,1
11,54,2
58,54,5
29,54,5
13,54,0
69.0,54.0,0.5
57.0,54.0,4.5
26.0,54.0,0.5
7.0,54.0,1.5
60,54,5
8,54,1
45.0,54.0,1.5
88,54,1
74,54,5
68.0,54.0,2.5
56.0,54.0,0.5
98,54,2
6.0,54.0,0.5
25,54,1
50.0,54.0,2.5
27.0,54.0,3.5
95,54,0
31.0,54.0,4.5
16,54,3
64,54,0
66.0,54.0,4.5
9,54,2
92.0,54.0,3.5
10.0,54.0,2.5
43.0,54.0,2.5
48,54,5
63,54,4
87.0,54.0,1.5
84.0,54.0,0.5
30,54,5
36.0,54.0,2.5
79,54,0
54,54,1
35.0,54.0,0.5
3.0,54.0,4.5
19.0,54.0,4.5
38.0,54.0,2.5
81,54,5
10,55,0
85.0,55.0,3.5
81.0,55.0,1.5
35.0,55.0,4.5
77,56,0
27.0,56.0,0.5
10.0,56.0,3.5
30.0,56.0,4.5
40.0,56.0,2.5
65.0,56.0,2.5
9.0,56.0,4.5
71.0,56.0,0.5
43.0,56.0,1.5
67,56,4
89,56,0
96,56,5
14,56,2
45.0,56.0,2.5
66,57,2
31,57,0
46,57,2
62.0,58.0,3.5
37,58,5
82.0,58.0,1.5
25,58,5
3,58,0
34.0,59.0,0.5
43,59,3
5,59,0
32,59,1
68.0,59.0,4.5
18,59,4
93,59,2
22.0,59.0,0.5
41.0,59.0,2.5
73.0,59.0,4.5
55,59,1
53.0,59.0,4.5
49,59,2
10,59,3
31,59,5
81.0,59.0,2.5
85,59,3
64.0,59.0,4.5
78.0,59.0,4.5
80,59,2
51.0,59.0,2.5
96.0,59.0,3.5
88,59,2
79.0,59.0,4.5
72.0,59.0,3.5
76,59,4
17,59,2
59,59,2
58.0,59.0,3.5
15.0,59.0,4.5
95,59,5
38.0,59.0,3.5
52.0,59.0,3.5
14.0,59.0,1.5
28,59,4
0,59,2
61.0,59.0,1.5
56,59,0
23,59,2
60,59,1
44.0,59.0,0.5
36.0,59.0,0.5
27,59,0
74.0,59.0,1.5
19.0,59.0,0.5
67,59,2
66.0,59.0,1.5
86.0,59.0,2.5
99,59,5
25.0,59.0,3.5
2,59,3
1,59,0
54.0,59.0,3.5
42.0,59.0,4.5
39,59,0
7.0,59.0,0.5
21.0,59.0,4.5
77,59,3
57,59,3
16.0,59.0,4.5
20.0,59.0,3.5
46,59,5
89,59,0
9.0,59.0,2.5
37,59,3
11.0,59.0,1.5
84,59,2
98,59,5
12,59,2
40,59,5
13,59,4
33.0,59.0,3.5
47.0,59.0,4.5
87,59,3
63.0,59.0,0.5
30.0,59.0,1.5
90,59,1
70,59,5
82,59,4
75,59,1
24,59,4
18,60,3
97,60,0
75,60,0
28,60,4
6,60,3
57.0,60.0,0.5
52.0,60.0,2.5
63,60,5
93.0,60.0,0.5
79,60,0
71,61,1
88,61,5
91,61,2
97,61,2
14.0,61.0,4.5
38,61,0
67,61,5
41.0,61.0,2.5
27,61,3
52,61,5
19.0,61.0,4.5
74.0,61.0,3.5
70.0,61.0,1.5
87,61,2
90,61,3
33.0,61.0,1.5
34,61,3
47,61,2
48,61,3
99,61,0
95.0,61.0,1.5
43,61,0
40,61,0
64.0,61.0,0.5
81.0,61.0,0.5
13,61,4
17,61,5
21,61,2
92,61,4
75.0,61.0,2.5
25,61,5
85.0,61.0,3.5
36,61,1
55.0,61.0,0.5
11,61,0
82.0,61.0,4.5
93.0,61.0,3.5
0.0,61.0,4.5
89.0,61.0,2.5
5,61,4
66.0,61.0,3.5
86.0,61.0,0.5
12.0,61.0,2.5
94,61,4
32,61,5
2.0,61.0,1.5
73,61,5
63,61,4
78,61,3
35.0,61.0,1.5
61,61,4
23,61,4
46,61,5
80.0,61.0,2.5
65,61,3
69,61,0
3.0,61.0,3.5
53,61,2
16.0,61.0,2.5
4.0,61.0,1.5
73.0,62.0,4.5
40,62,2
44,62,4
21.0,62.0,4.5
25.0,62.0,4.5
55.0,62.0,3.5
57,62,2
74.0,62.0,3.5
85,62,0
34,62,1
54.0,62.0,2.5
42.0,62.0,0.5
72,62,3
31,62,5
71.0,62.0,0.5
65,62,4
90,62,5
29.0,62.0,1.5
3,62,4
27.0,62.0,4.5
58,62,0
0,62,0
32,62,2
62.0,62.0,0.5
38.0,62.0,1.5
70,62,0
56,62,3
75,62,4
66,62,0
45,62,3
78.0,62.0,1.5
19,62,4
11,62,0
67.0,62.0,3.5
37.0,62.0,2.5
63.0,62.0,4.5
23.0,62.0,0.5
96.0,62.0,1.5
97,62,5
69,62,2
46,62,0
18.0,62.0,2.5
95,62,5
88,62,4
60,62,2
43.0,62.0,1.5
60.0,63.0,0.5
28.0,63.0,3.5
67,63,3
53.0,63.0,4.5
89,63,1
16,63,5
48,63,1
40.0,63.0,2.5
52.0,63.0,4.5
50.0,63.0,3.5
36,63,2
55.0,63.0,4.5
39,63,3
21,63,4
41,63,5
54,63,0
77,63,5
4,63,3
20,63,2
58,63,2
33,64,1
38,64,2
37,64,5
75.0,64.0,2.5
32,64,3
88,64,4
26.0,64.0,4.5
97,64,3
21.0,64.0,2.5
31,64,2
77.0,64.0,3.5
83.0,64.0,4.5
52.0,64.0,4.5
27,64,1
34,64,1
64,64,3
84.0,64.0,3.5
76.0,64.0,2.5
58.0,64.0,3.5
98,64,1
22,64,3
65.0,64.0,1.5
49.0,64.0,0.5
96,64,3
46.0,64.0,3.5
25.0,64.0,2.5
78,64,4
71,64,1
39,64,1
15.0,64.0,3.5
7.0,64.0,4.5
94.0,64.0,1.5
63.0,64.0,4.5
50,64,2
35.0,64.0,2.5
81,64,1
90.0,64.0,4.5
10,64,2
89,64,3
0.0,64.0,0.5
11,64,0
45,64,5
44.0,64.0,4.5
85.0,64.0,2.5
80.0,64.0,0.5
5.0,64.0,0.5
6,64,5
43,64,2
55.0,64.0,0.5
47.0,64.0,0.5
95.0,64.0,2.5
29,64,0
42,64,1
48.0,64.0,2.5
56.0,64.0,2.5
2,64,1
3.0,64.0,1.5
28,64,3
73.0,64.0,0.5
62.0,64.0,0.5
20.0,64.0,1.5
67.0,64.0,0.5
30.0,64.0,2.5
60,64,4
80.0,65.0,2.5
23.0,65.0,0.5
18,65,4
13.0,65.0,0.5
75.0,65.0,3.5
84.0,65.0,0.5
30.0,65.0,3.5
19,65,1
40,65,4
31,65,4
7,65,1
70,65,0
10.0,65.0,0.5
83,65,3
41,65,5
53.0,65.0,4.5
63,65,5
35.0,65.0,2.5
0,65,5
2.0,65.0,2.5
37,65,3
76,66,0
67.0,66.0,3.5
94,66,4
30,66,1
57,66,0
86,66,2
42.0,66.0,2.5
66,66,4
83.0,66.0,1.5
79,66,2
3,66,1
84,66,5
97.0,66.0,2.5
44,66,2
28.0,66.0,3.5
39,66,1
53.0,66.0,0.5
55.0,66.0,3.5
15,66,0
89.0,66.0,4.5
73.0,66.0,1.5
24.0,66.0,0.5
0,66,2
34.0,66.0,3.5
10.0,66.0,1.5
82.0,66.0,3.5
63,66,3
59.0,66.0,1.5
26,66,0
37,66,3
72.0,66.0,3.5
1.0,66.0,2.5
96,66,5
47.0,66.0,4.5
40,66,5
6.0,66.0,4.5
36,66,0
41,66,5
18,66,1
32,66,1
62,66,4
68,66,2
90,66,2
58,66,2
5.0,66.0,3.5
29.0,66.0,0.5
91,66,4
11.0,66.0,0.5
45,66,5
88,66,0
35,66,3
75.0,66.0,2.5
81,66,5
7,66,2
87,66,2
44,67,0
95,67,2
15,67,3
3.0,67.0,2.5
70.0,67.0,4.5
83.0,67.0,4.5
37.0,67.0,4.5
17,67,4
89,67,3
10.0,67.0,3.5
38,67,3
93.0,67.0,0.5
33,67,5
35,67,4
22,67,5
79.0,67.0,1.5
60,67,4
56,67,2
2.0,67.0,0.5
94,67,1
64,67,2
54.0,67.0,3.5
97.0,67.0,1.5
46,67,1
80.0,67.0,4.5
21.0,67.0,4.5
92.0,67.0,0.5
76.0,67.0,1.5
48.0,67.0,4.5
73,67,1
4,67,5
84.0,67.0,3.5
20.0,67.0,1.5
8,67,3
66.0,67.0,2.5
18,67,2
96,67,0
37.0,68.0,0.5
98,68,1
82,68,5
93.0,68.0,0.5
20.0,68.0,3.5
29,68,1
9.0,68.0,0.5
83.0,68.0,2.5
36,68,1
30,68,1
16,68,5
67,68,3
51,68,1
58.0,68.0,2.5
24,68,1
41,68,2
39,68,4
88.0,68.0,2.5
4,68,0
62,68,2
65.0,68.0,3.5
31.0,68.0,1.5
96.0,68.0,2.5
43.0,68.0,4.5
53,68,2
76.0,68.0,4.5
60.0,68.0,3.5
94,68,4
95,68,5
25,68,4
14.0,68.0,0.5
92.0,68.0,1.5
26,68,0
49,68,2
18.0,68.0,3.5
44,68,0
70,68,2
87,68,1
55,68,5
32,68,4
8.0,68.0,4.5
85,68,4
77,68,2
40,69,5
93,69,0
63,69,2
79.0,69.0,0.5
24,69,0
99.0,69.0,1.5
84,69,2
78,69,1
95,69,0
19.0,69.0,4.5
94,69,3
48,69,3
80.0,69.0,4.5
26,69,2
6.0,69.0,3.5
90,69,4
87,69,3
11.0,69.0,2.5
69,69,2
34,69,3
7.0,69.0,1.5
22.0,69.0,2.5
35.0,69.0,2.5
2.0,69.0,1.5
72.0,69.0,0.5
56,69,1
46,69,2
86.0,69.0,1.5
86,70,3
67,70,5
10.0,70.0,3.5
14.0,70.0,0.5
56.0,70.0,1.5
71.0,70.0,0.5
68,70,2
45,70,0
1,70,1
92.0,70.0,0.5
64.0,70.0,3.5
34.0,70.0,4.5
3.0,70.0,2.5
89,70,4
23,70,1
46,70,5
84.0,70.0,3.5
52.0,70.0,1.5
77,70,3
37,70,2
22,70,2
57,70,3
88.0,70.0,2.5
15.0,70.0,2.5
76.0,70.0,1.5
96,70,0
53.0,70.0,3.5
70.0,70.0,2.5
24.0,70.0,4.5
48,70,2
8.0,70.0,4.5
75,70,5
19.0,70.0,1.5
25.0,70.0,0.5
69,70,0
80.0,70.0,2.5
65,70,2
13,70,1
94,70,2
74.0,70.0,2.5
66.0,70.0,1.5
95,70,4
6,70,5
31.0,70.0,2.5
98.0,70.0,2.5
12.0,70.0,2.5
41,70,1
82,70,4
54,70,3
63.0,70.0,3.5
79,70,5
55.0,70.0,1.5
99,70,1
90.0,70.0,3.5
35.0,70.0,2.5
9,70,4
4,70,1
42.0,70.0,3.5
33.0,71.0,2.5
95.0,71.0,2.5
85,71,3
16,71,5
22,71,4
54,71,5
0,71,5
57.0,71.0,4.5
91.0,71.0,3.5
98.0,71.0,2.5
92,71,3
10.0,71.0,2.5
4,71,5
2.0,71.0,1.5
8,71,5
9,71,1
21,71,0
62.0,71.0,3.5
25,71,2
17,71,5
84.0,71.0,1.5
47,71,0
27.0,71.0,3.5
20,71,4
38.0,71.0,3.5
67,71,5
55,71,4
42.0,71.0,3.5
74,71,4
29.0,71.0,2.5
44,71,2
99,71,3
50.0,71.0,2.5
89,71,0
68,71,5
69,71,5
15,71,2
56.0,71.0,3.5
96.0,71.0,0.5
7,71,5
66,71,3
13.0,71.0,0.5
31.0,71.0,3.5
46,71,0
23,71,5
77,71,2
88,71,0
32.0,71.0,2.5
72,71,5
41,71,4
60,71,4
90,71,5
82.0,71.0,2.5
3.0,71.0,3.5
75,71,3
52,71,3
70,71,4
86,71,3
45,71,5
61,71,5
1,71,0
64,71,5
65,72,4
47.0,72.0,4.5
95.0,72.0,0.5
51.0,72.0,2.5
58,72,5
21,73,0
25.0,73.0,0.5
44.0,73.0,2.5
17,73,1
27.0,73.0,4.5
12,73,3
69,73,2
2.0,73.0,2.5
18,73,5
24.0,73.0,2.5
80,73,3
39.0,73.0,4.5
41,73,0
36.0,73.0,4.5
93.0,73.0,1.5
55,73,5
65,73,5
35,73,1
60.0,73.0,0.5
5,73,4
97,73,5
90,73,5
67,73,5
94,73,1
46.0,73.0,0.5
31,73,0
38.0,73.0,1.5
1.0,73.0,4.5
14,73,0
20.0,73.0,3.5
77.0,73.0,4.5
81.0,73.0,2.5
58.0,73.0,3.5
59,73,2
29,73,4
43.0,73.0,2.5
62,73,2
70,73,3
32,73,3
23.0,73.0,2.5
13,73,3
33.0,73.0,4.5
79,73,2
52,73,1
22,73,0
83,73,5
47.0,73.0,2.5
61.0,73.0,3.5
78.0,73.0,4.5
6.0,73.0,0.5
50,73,0
73.0,73.0,1.5
87,73,5
11,73,5
74.0,73.0,0.5
76,73,4
19,73,3
8.0,73.0,2.5
91,73,4
92,73,2
68.0,73.0,3.5
95,73,4
49.0,73.0,2.5
75,73,3
9.0,73.0,3.5
66,73,2
71.0,73.0,2.5
53,73,4
40,73,1
86.0,73.0,0.5
51.0,73.0,4.5
54,73,1
84.0,73.0,3.5
64,73,3
28.0,73.0,4.5
3,73,3
82,73,3
37,73,0
34,73,4
85,73,3
72.0,73.0,1.5
0.0,73.0,0.5
16,73,4
89.0,73.0,0.5
56.0,73.0,1.5
99,73,5
63.0,73.0,2.5
88,73,4
45,73,4
98.0,73.0,2.5
42.0,73.0,1.5
48.0,73.0,1.5
15.0,73.0,4.5
57,73,0
30,73,5
96,73,2
4.0,73.0,2.5
48.0,74.0,0.5
23.0,74.0,0.5
77.0,74.0,3.5
26.0,74.0,0.5
18.0,74.0,0.5
2,74,5
90,74,2
94,74,2
93,74,1
68,74,1
20.0,74.0,0.5
27,74,0
70.0,74.0,0.5
34,74,0
88,74,1
14,74,5
74.0,74.0,1.5
65.0,74.0,3.5
87.0,74.0,2.5
91.0,74.0,1.5
52.0,74.0,0.5
37.0,74.0,0.5
57.0,74.0,0.5
22,74,1
69,74,3
17.0,74.0,0.5
51,74,4
63,74,5
59,74,4
9,74,2
96,74,0
10.0,74.0,1.5
44.0,74.0,4.5
53,74,3
92,74,1
76.0,74.0,2.5
15.0,74.0,2.5
40,74,5
12.0,74.0,4.5
95,74,3
28,74,0
45.0,74.0,0.5
19,74,3
21.0,74.0,1.5
73,74,1
62.0,74.0,3.5
61.0,74.0,0.5
72,74,4
79,74,0
38.0,74.0,3.5
0,74,2
39,74,0
85,74,0
8,74,2
89.0,74.0,3.5
7,74,1
35,74,1
33,74,3
60.0,74.0,0.5
1,74,3
43,74,3
56.0,74.0,4.5
78,74,1
86.0,74.0,0.5
67.0,74.0,4.5
16,74,3
5,74,5
41,74,3
64,74,4
24.0,74.0,4.5
75,74,0
36,74,4
81,74,5
6.0,74.0,2.5
49.0,74.0,0.5
58.0,74.0,2.5
47,74,0
80,74,4
99,74,2
13.0,74.0,4.5
31,74,5
50,74,3
41,75,3
96.0,75.0,3.5
92,75,3
25.0,75.0,3.5
79,75,2
73.0,75.0,0.5
10,75,0
9,75,5
80,75,1
63.0,75.0,0.5
94.0,75.0,3.5
65,75,0
7.0,75.0,0.5
47.0,75.0,1.5
70.0,75.0,1.5
30,75,0
88.0,75.0,0.5
64.0,75.0,0.5
2,75,3
87,75,0
26.0,75.0,2.5
40,75,4
50,75,4
24,75,0
6,75,4
76,75,0
16.0,75.0,3.5
19.0,75.0,0.5
23,75,5
13,75,1
51,75,0
20,75,0
60,75,3
42.0,75.0,2.5
3,75,2
49,75,4
84.0,75.0,4.5
81,75,4
38.0,75.0,0.5
56,75,2
85,75,3
44.0,75.0,2.5
37.0,75.0,1.5
48.0,75.0,1.5
18,75,4
77.0,75.0,3.5
62.0,75.0,3.5
28,75,2
54.0,75.0,0.5
83.0,75.0,0.5
74,75,5
13.0,76.0,2.5
73,76,2
8,76,0
14.0,76.0,1.5
60.0,76.0,4.5
67.0,76.0,3.5
46.0,76.0,2.5
53.0,76.0,4.5
99.0,76.0,3.5
30.0,76.0,4.5
11,76,4
64,76,5
40,76,0
6.0,76.0,3.5
79.0,76.0,4.5
1.0,76.0,4.5
12.0,76.0,1.5
61,76,4
3.0,76.0,4.5
94,76,2
25,76,3
78.0,76.0,0.5
32,76,5
83.0,76.0,0.5
42.0,76.0,3.5
76.0,76.0,3.5
28,76,4
72.0,76.0,3.5
24,76,5
31,76,5
55,76,3
7,76,5
27.0,76.0,0.5
70,76,4
88,76,5
35.0,76.0,2.5
34.0,76.0,3.5
58,76,4
54,76,4
4,76,5
33.0,76.0,2.5
77.0,76.0,1.5
93.0,76.0,0.5
47,76,4
26.0,76.0,1.5
29,76,3
10.0,76.0,1.5
2.0,76.0,1.5
17,76,2
86.0,76.0,2.5
52,76,5
90,76,5
44,76,2
95,76,4
41.0,76.0,4.5
48.0,76.0,3.5
96.0,77.0,2.5
24,77,4
61,77,1
67.0,77.0,3.5
59,77,3
6,77,0
47.0,77.0,0.5
53,77,3
13,77,1
48.0,77.0,2.5
85,77,4
91.0,77.0,0.5
22,77,5
78,77,4
28,77,3
81.0,77.0,0.5
55,77,5
54,77,3
44.0,77.0,0.5
84,77,5
83,77,1
5,77,0
99,77,4
93,77,2
70.0,77.0,4.5
52,77,2
88,77,1
3.0,77.0,1.5
17,77,2
35.0,77.0,3.5
9,77,1
23,77,1
72,77,5
90,77,0
63.0,77.0,4.5
80.0,77.0,3.5
21,77,0
42,77,4
1,77,2
16,77,4
86.0,77.0,4.5
68,77,5
92.0,77.0,4.5
30,77,1
14,77,1
62.0,77.0,4.5
20,77,4
71,77,0
73.0,77.0,4.5
37,77,4
34,78,5
11,78,5
26.0,78.0,4.5
75.0,78.0,0.5
85.0,78.0,0.5
95.0,78.0,4.5
50.0,78.0,2.5
77.0,78.0,0.5
18,78,3
40,78,1
5,78,5
74.0,78.0,4.5
59,78,4
44.0,78.0,4.5
41,78,4
9.0,78.0,1.5
70,78,1
21,78,4
8.0,78.0,0.5
94.0,78.0,1.5
93.0,78.0,1.5
61.0,78.0,1.5
58,78,5
12.0,78.0,4.5
49.0,78.0,0.5
92.0,78.0,3.5
22,78,3
62,78,2
83.0,78.0,2.5
3.0,78.0,0.5
7,78,1
43.0,78.0,0.5
36,78,1
2,78,2
97.0,78.0,1.5
68.0,78.0,4.5
15.0,78.0,4.5
64.0,78.0,0.5
27.0,78.0,3.5
73,78,1
84,78,0
1,78,2
53.0,78.0,3.5
60,78,0
29.0,78.0,3.5
69,78,0
56.0,78.0,0.5
23,78,4
55.0,78.0,2.5
46,78,1
99,78,1
76.0,78.0,4.5
67,78,2
28.0,78.0,0.5
96.0,78.0,3.5
78.0,78.0,3.5
63,78,2
35,78,4
17,78,2
51,78,1
37.0,78.0,1.5
10.0,78.0,1.5
79.0,78.0,1.5
52,78,2
14.0,78.0,3.5
48,78,2
66.0,78.0,4.5
16.0,78.0,4.5
80,78,1
88,78,2
90.0,78.0,3.5
32.0,78.0,3.5
91,78,3
6,78,1
30.0,78.0,4.5
57.0,78.0,2.5
81.0,78.0,4.5
31.0,78.0,0.5
47,78,4
89,78,5
39,78,4
82,78,5
4,78,0
72,78,5
98,78,2
71.0,78.0,4.5
38,78,5
33,78,4
86.0,78.0,2.5
42,78,3
19,78,1
24.0,78.0,0.5
45.0,78.0,1.5
20.0,78.0,1.5
54,78,1
0,78,1
64.0,79.0,4.5
13,79,2
84.0,79.0,0.5
29,79,1
12.0,79.0,4.5
79,79,1
82.0,79.0,4.5
1.0,79.0,3.5
3,79,2
34,79,3
35.0,79.0,4.5
42,79,4
15,79,3
51.0,79.0,4.5
74.0,79.0,3.5
96.0,79.0,3.5
63,79,4
21.0,79.0,0.5
47,79,2
57.0,79.0,2.5
22,79,4
14,79,5
65,79,2
7.0,79.0,2.5
88.0,79.0,0.5
49.0,79.0,1.5
28,79,1
43,79,3
11,79,2
77.0,79.0,0.5
40,79,4
90,79,2
71,79,2
39.0,79.0,4.5
58,79,5
0.0,79.0,4.5
93.0,79.0,0.5
97.0,79.0,2.5
36.0,79.0,2.5
75,79,2
41,79,4
54.0,79.0,1.5
72,79,2
99.0,79.0,0.5
19,79,2
83,79,0
85,79,2
33.0,79.0,3.5
25,79,4
80.0,79.0,2.5
62.0,79.0,4.5
76.0,79.0,0.5
86,79,1
50,79,3
32,79,4
16.0,79.0,2.5
30.0,79.0,4.5
89,79,5
68,79,1
60,79,2
98.0,79.0,1.5
9.0,79.0,4.5
23.0,79.0,4.5
6,79,5
56.0,79.0,2.5
69.0,79.0,4.5
66.0,79.0,0.5
95.0,79.0,0.5
45,79,4
73.0,79.0,1.5
48,79,1
26,79,1
10,79,4
78.0,79.0,0.5
87.0,79.0,0.5
67.0,79.0,3.5
46,79,0
92.0,80.0,2.5
51.0,80.0,3.5
38.0,80.0,4.5
24,80,4
28,80,0
19,80,1
60.0,80.0,1.5
70,80,4
56,80,0
64,80,1
13.0,80.0,2.5
26.0,80.0,1.5
4.0,80.0,0.5
45,80,3
22.0,80.0,1.5
53.0,80.0,4.5
82,80,4
49.0,80.0,2.5
99,80,2
42,80,1
62,80,3
84.0,81.0,0.5
1,81,3
78.0,81.0,4.5
13.0,81.0,0.5
33,81,4
55,81,2
30.0,81.0,2.5
54,81,3
85,81,2
75.0,81.0,3.5
8,81,3
96,81,2
0,81,1
62,81,2
3,81,1
28.0,81.0,2.5
69,81,2
47.0,81.0,3.5
86.0,81.0,0.5
81,81,1
89,81,1
32,81,2
83,81,3
7,81,1
66,81,4
80,81,1
97,81,1
99,81,4
11,81,3
19.0,81.0,4.5
82,81,2
49.0,81.0,4.5
17,81,4
2.0,81.0,3.5
56,81,0
73.0,81.0,4.5
91.0,81.0,0.5
26,81,4
76.0,81.0,2.5
64.0,81.0,1.5
57.0,81.0,0.5
88.0,81.0,3.5
14.0,81.0,1.5
46.0,81.0,0.5
9.0,81.0,2.5
41.0,81.0,1.5
59.0,81.0,1.5
34,81,4
23,81,1
42,81,1
67,81,3
50,81,1
95.0,81.0,3.5
74.0,81.0,2.5
68,81,3
77,81,2
71,81,5
60.0,81.0,2.5
4,81,2
25.0,81.0,0.5
6.0,81.0,3.5
45,81,4
40,81,0
61.0,81.0,2.5
27.0,81.0,4.5
10.0,81.0,3.5
98,81,4
5,81,2
52,81,3
44,81,5
12,81,2
48,81,5
92,81,1
93,81,3
29.0,81.0,0.5
94,81,2
72.0,81.0,2.5
18.0,81.0,4.5
35,81,3
90,81,2
36.0,81.0,1.5
39,81,5
70.0,81.0,2.5
65,81,1
22.0,81.0,1.5
51.0,81.0,1.5
58.0,81.0,2.5
63.0,81.0,3.5
21,81,2
38.0,81.0,1.5
20.0,81.0,4.5
53,81,1
37,81,4
87,81,3
43.0,81.0,4.5
31,81,2
44,82,4
62,82,0
23,82,5
88.0,82.0,1.5
93,82,2
51.0,82.0,1.5
99.0,82.0,1.5
76,82,3
84.0,82.0,1.5
50,82,2
77,82,2
86.0,82.0,3.5
66.0,82.0,3.5
26.0,82.0,3.5
20.0,82.0,3.5
30,82,0
40,82,3
7.0,82.0,3.5
42,82,2
73.0,82.0,0.5
41,82,2
98,82,2
94,82,1
17.0,82.0,4.5
96,82,4
48,82,5
78.0,82.0,1.5
87,82,4
68,82,4
29.0,82.0,3.5
32.0,82.0,4.5
60,82,4
12.0,82.0,4.5
31.0,82.0,1.5
9,82,4
21,82,4
39.0,82.0,0.5
35,82,3
14.0,82.0,3.5
34,82,5
18,82,2
1,82,1
58,82,5
47.0,82.0,3.5
71.0,82.0,1.5
45,82,1
54,82,3
8,82,0
89.0,82.0,1.5
80.0,82.0,1.5
59.0,82.0,1.5
37,82,0
6,82,3
67.0,82.0,2.5
63,82,0
28.0,82.0,0.5
46,82,4
53.0,82.0,4.5
0,82,1
24,82,1
36.0,82.0,2.5
83,82,2
3.0,82.0,2.5
19,82,4
85.0,82.0,3.5
43,82,1
11,82,3
90,82,1
2,82,3
52,82,4
5.0,82.0,3.5
57,82,4
91,82,2
97,82,3
13,82,1
16.0,82.0,4.5
15,82,5
81.0,82.0,2.5
64.0,82.0,4.5
69,82,4
4,82,0
92.0,82.0,2.5
10,83,5
58,83,3
31,83,3
86.0,83.0,4.5
57,83,4
11.0,83.0,1.5
90,83,4
72,83,3
69,83,2
98.0,83.0,3.5
28.0,83.0,3.5
75,83,4
81,83,5
34,83,1
62,83,3
9.0,83.0,2.5
99.0,83.0,0.5
83.0,83.0,4.5
95,83,0
38,83,4
85,83,4
56.0,83.0,2.5
6,83,0
51.0,83.0,1.5
70.0,83.0,1.5
60.0,83.0,0.5
52,83,5
25,83,0
73.0,83.0,2.5
13.0,83.0,0.5
92.0,83.0,2.5
71,83,1
39,83,1
74.0,83.0,2.5
54,83,2
67.0,83.0,1.5
91.0,83.0,2.5
53.0,83.0,3.5
96,83,1
54.0,84.0,3.5
89,84,5
13.0,84.0,0.5
14.0,84.0,0.5
95,84,0
99.0,84.0,1.5
6,84,5
27,84,3
83.0,84.0,3.5
72.0,84.0,0.5
4,84,5
47.0,84.0,1.5
7,84,5
0,84,2
68.0,84.0,3.5
70.0,84.0,2.5
31.0,84.0,3.5
86,84,4
55.0,84.0,1.5
48.0,84.0,1.5
82,84,2
17.0,84.0,0.5
92.0,84.0,1.5
19.0,84.0,4.5
90.0,84.0,1.5
18.0,84.0,0.5
73.0,84.0,1.5
76.0,84.0,3.5
57.0,84.0,0.5
43.0,84.0,0.5
75.0,84.0,0.5
16.0,84.0,1.5
25,84,3
61,84,4
80,84,0
63,84,3
79,84,1
93,84,0
10,84,2
49.0,84.0,3.5
98.0,84.0,1.5
30,84,4
22.0,84.0,2.5
11,84,4
51.0,84.0,2.5
56,84,3
35.0,84.0,4.5
96,84,1
69,84,2
39.0,84.0,2.5
60.0,84.0,0.5
42.0,84.0,0.5
50,84,3
78,84,5
29.0,84.0,3.5
77.0,84.0,0.5
64,84,3
36.0,84.0,0.5
2.0,85.0,0.5
55.0,85.0,4.5
89,85,0
79.0,85.0,1.5
18.0,85.0,4.5
83.0,85.0,0.5
15,85,5
60,85,3
3,85,5
82,85,3
44,85,5
73.0,85.0,2.5
53,85,0
34.0,85.0,4.5
98.0,85.0,0.5
21,85,3
30,85,2
23.0,85.0,2.5
63.0,85.0,4.5
49.0,85.0,1.5
56,85,0
70,85,3
6.0,85.0,2.5
85,85,0
17,85,3
51,85,3
90.0,85.0,2.5
42.0,85.0,4.5
38,85,5
35.0,85.0,2.5
77,85,0
66,85,4
76.0,85.0,4.5
64.0,85.0,0.5
39,85,5
81.0,85.0,1.5
61,85,5
10,85,5
4.0,85.0,4.5
72,85,5
27.0,85.0,4.5
54.0,85.0,2.5
88,85,5
57.0,85.0,1.5
95,85,3
75.0,85.0,0.5
71,85,3
47.0,85.0,3.5
80.0,85.0,3.5
14.0,85.0,4.5
69,85,0
13.0,85.0,1.5
50.0,85.0,3.5
99,85,2
45,85,0
0.0,85.0,1.5
68,85,1
93,85,2
71.0,86.0,3.5
79.0,86.0,2.5
29,86,1
8,86,5
1.0,86.0,3.5
88.0,86.0,2.5
53,86,0
30,86,5
39,86,3
67.0,86.0,2.5
91.0,86.0,2.5
57,86,3
77,86,3
80.0,86.0,1.5
40,86,0
32,86,3
11.0,86.0,2.5
76,86,1
49.0,86.0,3.5
66,86,0
48,86,0
65.0,86.0,4.5
92,86,0
99,86,5
13,86,2
20,86,3
94,86,5
31.0,86.0,3.5
58,86,2
52.0,86.0,2.5
70,86,2
17.0,86.0,2.5
87,86,0
43.0,86.0,1.5
34,87,4
86,87,0
96.0,87.0,4.5
4.0,87.0,4.5
98,87,5
84,87,4
48,87,3
69,87,0
24.0,87.0,4.5
8,87,3
23.0,87.0,1.5
56.0,87.0,1.5
83.0,87.0,2.5
41.0,87.0,0.5
47.0,87.0,3.5
20.0,87.0,4.5
62,87,0
11.0,87.0,1.5
29,87,0
18.0,87.0,0.5
30.0,87.0,4.5
49,87,2
94.0,87.0,2.5
72.0,87.0,1.5
79,87,2
9,87,3
90.0,87.0,2.5
42.0,87.0,2.5
88,87,3
5.0,87.0,3.5
99,87,1
75,87,4
58,87,5
40,87,5
44.0,87.0,0.5
87,87,0
21,87,1
54,87,1
80.0,87.0,0.5
89.0,87.0,2.5
22,87,4
92,87,2
43,87,0
68,87,4
52.0,87.0,0.5
17,87,5
67,87,2
28,87,4
32,87,0
35.0,87.0,1.5
64.0,87.0,0.5
78.0,87.0,3.5
46,87,3
1.0,87.0,0.5
7.0,87.0,3.5
16,87,5
0.0,87.0,3.5
59,87,2
93,87,1
66,87,3
53,87,1
14,87,1
36.0,87.0,4.5
61,87,5
77,87,2
85.0,87.0,3.5
3.0,87.0,1.5
57,87,1
82,87,2
20.0,88.0,1.5
73,88,1
41,88,3
50,88,3
8.0,88.0,4.5
59.0,88.0,4.5
75,88,4
56,88,4
23.0,88.0,3.5
63,88,5
90.0,88.0,4.5
62,88,2
58,88,2
99,88,1
11,88,2
22.0,88.0,2.5
26,88,5
98.0,88.0,1.5
67.0,88.0,4.5
40.0,88.0,4.5
5,88,5
72,88,2
70,88,3
64.0,88.0,3.5
34.0,88.0,1.5
37,88,5
39,88,3
74.0,88.0,3.5
95.0,88.0,3.5
7,88,1
35.0,88.0,4.5
15,88,0
48,88,5
81.0,88.0,0.5
80,88,4
71.0,88.0,4.5
91.0,88.0,3.5
1,88,5
19,88,3
38.0,88.0,4.5
47,88,0
49.0,88.0,4.5
76.0,88.0,3.5
85.0,88.0,3.5
31.0,88.0,4.5
69.0,88.0,3.5
33,88,1
24,88,1
6.0,88.0,2.5
53.0,88.0,1.5
0.0,88.0,4.5
57,88,1
18,88,1
78.0,88.0,0.5
12,88,3
52,88,5
51.0,88.0,1.5
14.0,88.0,0.5
3,88,0
16,88,2
21.0,88.0,0.5
29,88,0
28,88,3
87.0,88.0,1.5
27.0,88.0,4.5
68,88,4
66.0,88.0,3.5
10,88,5
84,88,5
97.0,88.0,1.5
17,88,1
83.0,88.0,1.5
30.0,88.0,3.5
89,88,4
88,88,5
43,88,3
36,88,2
32,88,4
65,88,5
54,88,3
48,89,0
33,89,3
10,89,1
76.0,89.0,3.5
70,89,5
30.0,89.0,0.5
67.0,89.0,4.5
98.0,89.0,3.5
63,89,2
74,89,1
44.0,89.0,2.5
7.0,89.0,0.5
78.0,89.0,4.5
41,89,4
27.0,89.0,2.5
1,89,2
82,89,0
13.0,89.0,1.5
45,89,2
87.0,89.0,2.5
72,89,3
52,89,4
0.0,89.0,3.5
50.0,89.0,4.5
88,89,4
9,89,1
38.0,89.0,2.5
55,89,5
96.0,89.0,2.5
93.0,89.0,0.5
83,89,4
64.0,89.0,3.5
81,89,1
28,89,3
36.0,89.0,4.5
4,89,0
20.0,89.0,0.5
71.0,89.0,3.5
29.0,89.0,3.5
3.0,89.0,0.5
62.0,89.0,1.5
19,89,0
68,89,3
14.0,89.0,4.5
61.0,89.0,2.5
47,89,2
66.0,89.0,2.5
6,89,5
2.0,89.0,0.5
65,89,1
53,89,2
85,89,1
26.0,89.0,1.5
31,89,2
77.0,89.0,2.5
12.0,89.0,0.5
95.0,89.0,1.5
16,89,0
37.0,89.0,3.5
18,89,1
89,89,0
25.0,89.0,1.5
91.0,89.0,2.5
49,89,0
60.0,89.0,1.5
54,89,5
73.0,89.0,1.5
34.0,89.0,4.5
11.0,89.0,0.5
56,89,5
15,89,3
19,90,2
75,90,5
17,90,0
60,90,3
32,90,2
97.0,90.0,3.5
4,90,0
51,90,4
86,90,1
47,90,3
20,90,4
70,90,0
5.0,90.0,4.5
26,90,2
0.0,90.0,1.5
39.0,90.0,3.5
16,90,0
58,90,4
23,90,0
87.0,90.0,4.5
25,90,2
54.0,90.0,1.5
11,90,3
49,90,2
61.0,90.0,2.5
78,90,5
88,90,3
14,90,0
62.0,90.0,0.5
41.0,90.0,1.5
31,90,2
76.0,90.0,1.5
21.0,90.0,1.5
81.0,90.0,3.5
80.0,90.0,0.5
83,90,3
15,90,4
65,90,3
22,90,5
6.0,90.0,0.5
64,90,0
35.0,90.0,3.5
63.0,90.0,0.5
9,90,3
37.0,90.0,1.5
84.0,90.0,2.5
95.0,90.0,2.5
10,90,5
90.0,90.0,2.5
93,90,3
48.0,90.0,4.5
68,90,2
72,90,0
55.0,90.0,0.5
38,90,1
96,90,4
89,90,4
7.0,90.0,1.5
18,90,2
85.0,90.0,4.5
53,90,2
59,90,3
71,90,3
56,90,4
12,90,4
36,90,2
50,90,2
52,90,4
92,90,3
69.0,90.0,1.5
57,90,5
79.0,90.0,3.5
27.0,90.0,3.5
2.0,90.0,4.5
1,90,4
13,90,3
8.0,90.0,2.5
29,90,4
91,90,0
34,90,2
3,90,0
73.0,90.0,2.5
42,90,4
98,90,1
94,90,0
28.0,90.0,0.5
77.0,90.0,0.5
67.0,90.0,2.5
40.0,90.0,0.5
24.0,90.0,4.5
46,90,0
30.0,90.0,1.5
99,90,5
44.0,90.0,4.5
45.0,90.0,3.5
84,91,5
76.0,91.0,3.5
57.0,91.0,1.5
97.0,91.0,2.5
80,91,4
18,91,0
29.0,91.0,0.5
7.0,91.0,1.5
51,91,3
14,91,1
70,91,1
9,91,2
26.0,91.0,0.5
77,91,5
92,91,2
48,91,3
56,91,1
88,91,5
1.0,91.0,4.5
69.0,91.0,0.5
32,91,2
58.0,91.0,4.5
65,91,4
34.0,91.0,4.5
93,91,2
31,91,2
55.0,91.0,0.5
86,91,2
35,91,1
39.0,91.0,3.5
61,91,0
6,91,4
98.0,91.0,1.5
13,91,1
42,91,1
30,91,1
46,91,1
75,91,5
54.0,91.0,1.5
0.0,91.0,3.5
17,91,4
68,91,2
67,91,4
66,91,1
33,91,2
22.0,91.0,0.5
50,91,4
45.0,91.0,3.5
44,91,3
83.0,91.0,2.5
36.0,91.0,1.5
47,91,5
82,91,2
85,91,2
72.0,91.0,2.5
27,91,4
81,91,4
99,91,2
78.0,91.0,0.5
52,91,1
24.0,91.0,3.5
38,91,2
71,91,1
94,91,3
89,91,4
28,91,5
95.0,91.0,2.5
16,91,2
62,91,3
74,91,0
4,91,0
25.0,91.0,0.5
37.0,91.0,3.5
20,91,3
5.0,91.0,2.5
3,91,0
53,91,4
40,91,1
90,91,2
12,91,0
59,91,3
60,91,1
10.0,91.0,0.5
91,91,0
8,91,0
2,91,3
43,91,5
15.0,91.0,3.5
64.0,91.0,1.5
41,91,0
79.0,91.0,3.5
96.0,91.0,0.5
49,91,4
21,91,2
73.0,91.0,0.5
11,91,4
63,91,2
19.0,91.0,1.5
23,91,2
87.0,91.0,4.5
11,92,4
7.0,92.0,3.5
99,92,3
66,92,1
93,92,5
69,92,3
2.0,92.0,2.5
12.0,92.0,1.5
67.0,92.0,1.5
30,92,3
52.0,92.0,4.5
81.0,92.0,1.5
10,92,5
50.0,92.0,0.5
17.0,92.0,1.5
60,92,1
94.0,92.0,1.5
24,92,3
19.0,92.0,3.5
42,92,4
0.0,92.0,3.5
95,92,2
35,92,0
88,92,1
65.0,92.0,4.5
63,92,5
25.0,92.0,3.5
1,92,0
62.0,92.0,1.5
9.0,92.0,3.5
91,92,4
6,92,3
46,92,3
68,92,0
31.0,92.0,1.5
13,92,3
58,92,5
18,92,0
71,92,5
90,92,1
92.0,92.0,2.5
53,92,1
78.0,92.0,1.5
27.0,92.0,3.5
81.0,93.0,4.5
44.0,93.0,2.5
33.0,93.0,4.5
3.0,93.0,3.5
92.0,93.0,3.5
62,93,2
24.0,93.0,2.5
37.0,93.0,3.5
89,93,2
4,93,0
58.0,93.0,4.5
83.0,93.0,2.5
14,93,5
41,93,3
53.0,93.0,2.5
57,93,3
18,93,0
69.0,93.0,2.5
85.0,93.0,0.5
42,93,0
28,93,1
48.0,93.0,3.5
6,93,0
72,93,0
67.0,93.0,2.5
95,93,2
84,93,2
77,93,3
38,93,1
64.0,93.0,3.5
94.0,93.0,1.5
98,93,3
5,93,5
31,93,1
23.0,93.0,2.5
97.0,93.0,0.5
1,93,0
17.0,93.0,3.5
73,93,3
75,93,1
19.0,93.0,4.5
74.0,93.0,4.5
50.0,93.0,1.5
12.0,93.0,4.5
27.0,93.0,3.5
91,93,0
39,93,0
61.0,93.0,3.5
66,93,2
43,93,3
46,93,3
96,93,1
86.0,93.0,4.5
49.0,93.0,3.5
11.0,93.0,4.5
78,93,2
54,93,1
22.0,93.0,0.5
16,93,1
0.0,93.0,2.5
68,93,4
41,94,4
26.0,94.0,1.5
68.0,94.0,2.5
42.0,94.0,4.5
58.0,94.0,0.5
14,94,5
72,94,2
30.0,94.0,3.5
45.0,94.0,2.5
18.0,94.0,3.5
91,94,4
48,94,2
60,94,0
52.0,94.0,2.5
86.0,94.0,4.5
73,94,0
16,94,5
46,94,0
43,94,3
50.0,94.0,0.5
53.0,94.0,0.5
64.0,94.0,2.5
59.0,94.0,0.5
88.0,94.0,4.5
57.0,94.0,3.5
39,94,0
80.0,94.0,1.5
71,94,5
79,94,4
34.0,94.0,0.5
40.0,94.0,1.5
10.0,94.0,1.5
9,94,0
65.0,94.0,2.5
13,94,1
44,94,0
62,94,5
32.0,94.0,1.5
12.0,94.0,0.5
2.0,94.0,0.5
70,94,3
47.0,94.0,0.5
28.0,94.0,3.5
33.0,94.0,0.5
83,94,1
19,94,3
36,94,3
27,94,2
6,94,1
25.0,94.0,0.5
98.0,94.0,1.5
89,94,0
37,94,5
61.0,94.0,0.5
5.0,94.0,4.5
4,94,1
66,94,1
23.0,94.0,3.5
21,94,5
95,94,4
96,94,3
31,94,2
54,94,1
84.0,95.0,2.5
63.0,95.0,1.5
97,95,1
96.0,95.0,0.5
52.0,95.0,2.5
83,95,0
15,95,3
11.0,95.0,2.5
85.0,95.0,0.5
73.0,95.0,2.5
25,95,3
2.0,95.0,0.5
8,95,5
94.0,95.0,2.5
20,95,4
64,95,2
6.0,95.0,4.5
7.0,95.0,1.5
26,95,3
77.0,95.0,4.5
35.0,95.0,1.5
50.0,95.0,1.5
4.0,95.0,4.5
39,95,1
58,95,3
82.0,95.0,3.5
86,95,2
54,95,5
23,95,5
3.0,95.0,3.5
53.0,95.0,4.5
57,95,5
87.0,95.0,4.5
33.0,95.0,2.5
0.0,95.0,4.5
49.0,95.0,4.5
80,95,1
67,95,5
46.0,95.0,4.5
47.0,95.0,4.5
95,95,4
29,95,2
38,95,3
81,95,2
91,95,5
78,95,5
22.0,95.0,1.5
75,95,5
51,95,4
19.0,95.0,0.5
76.0,95.0,0.5
14.0,95.0,2.5
1.0,95.0,1.5
45,95,4
24,95,4
88.0,95.0,2.5
32,95,3
62,95,0
28,95,4
72,95,3
71,95,0
27,95,1
66.0,95.0,4.5
13,95,4
36,95,4
90,95,1
69,95,5
74.0,95.0,0.5
16,95,2
99.0,95.0,0.5
34,95,4
42.0,95.0,2.5
37.0,95.0,4.5
65,95,1
61,95,3
9,95,1
59,95,1
68.0,95.0,3.5
70.0,95.0,1.5
10.0,95.0,2.5
60,95,3
40,95,0
21.0,95.0,0.5
41.0,95.0,4.5
18,95,2
89.0,95.0,1.5
92,95,1
79.0,95.0,4.5
48.0,95.0,2.5
30,95,5
98,95,1
93.0,95.0,0.5
44.0,95.0,3.5
17.0,95.0,4.5
43,95,1
31.0,95.0,0.5
56.0,95.0,4.5
5,95,4
12,95,0
55.0,95.0,3.5
81,96,2
6,96,2
32,96,5
95,96,4
0.0,96.0,4.5
87,96,5
65.0,96.0,1.5
91,96,2
57,96,5
71,96,4
85,96,2
11.0,96.0,4.5
24,96,4
83.0,96.0,2.5
15.0,96.0,4.5
45,96,3
92.0,96.0,2.5
52.0,96.0,2.5
9.0,96.0,4.5
44.0,96.0,1.5
21,96,3
36.0,96.0,2.5
18.0,96.0,3.5
76,96,5
69,96,0
72,96,1
20.0,96.0,3.5
75,96,4
99.0,96.0,0.5
80,96,3
2.0,96.0,2.5
68,96,4
88,96,4
93,96,3
22.0,96.0,0.5
38.0,96.0,1.5
51.0,96.0,3.5
40.0,96.0,1.5
29.0,96.0,4.5
74.0,96.0,3.5
49.0,96.0,0.5
94.0,96.0,3.5
43.0,96.0,3.5
5.0,96.0,0.5
54,96,5
46.0,96.0,4.5
50,98,1
32,98,4
57.0,98.0,1.5
99.0,98.0,2.5
6.0,98.0,0.5
72.0,98.0,4.5
84,98,0
5,98,3
90.0,99.0,2.5
21,99,5
97,99,5
96.0,99.0,3.5
73.0,99.0,4.5
74,99,0
11.0,99.0,0.5
46,99,5
19.0,99.0,2.5
72.0,99.0,0.5
62.0,99.0,2.5
3.0,99.0,0.5
20,99,1
39.0,99.0,2.5
92,99,0
93,99,4
56,99,0
88,99,5
51,99,2
25.0,99.0,1.5
8.0,99.0,1.5
14,99,5
28.0,99.0,0.5
54,99,1
30.0,99.0,4.5
64,99,3
59.0,99.0,0.5
0,99,0
17.0,99.0,1.5
60.0,99.0,4.5
44.0,99.0,3.5
26.0,99.0,4.5
35,99,0
6,99,4
82.0,99.0,2.5
52.0,99.0,3.5
40.0,99.0,0.5
75.0,99.0,3.5
77.0,99.0,0.5
78,99,2
13.0,99.0,2.5
42,99,5
32,99,2
71.0,99.0,0.5
22.0,99.0,4.5
4,99,3
69.0,99.0,2.5
5,99,1
86,99,5
68.0,99.0,0.5
80.0,99.0,4.5
41.0,99.0,3.5
55.0,99.0,3.5
84.0,99.0,0.5
61.0,99.0,2.5
49.0,99.0,4.5
79,99,5
33,99,3
83,99,3
58.0,99.0,0.5
